stage,gene_id,prefix
iDT1294Photo,RPE_02015,RPE
iDT1294Photo,RPE_4644,RPE
iDT1294Photo,RPE_RS00010,RPE
iDT1294Photo,RPE_RS00055,RPE
iDT1294Photo,RPE_RS00090,RPE
iDT1294Photo,RPE_RS00125,RPE
iDT1294Photo,RPE_RS00160,RPE
iDT1294Photo,RPE_RS00165,RPE
iDT1294Photo,RPE_RS00180,RPE
iDT1294Photo,RPE_RS00210,RPE
iDT1294Photo,RPE_RS00225,RPE
iDT1294Photo,RPE_RS00265,RPE
iDT1294Photo,RPE_RS00330,RPE
iDT1294Photo,RPE_RS00345,RPE
iDT1294Photo,RPE_RS00370,RPE
iDT1294Photo,RPE_RS00445,RPE
iDT1294Photo,RPE_RS00460,RPE
iDT1294Photo,RPE_RS00480,RPE
iDT1294Photo,RPE_RS00485,RPE
iDT1294Photo,RPE_RS00490,RPE
iDT1294Photo,RPE_RS00520,RPE
iDT1294Photo,RPE_RS00525,RPE
iDT1294Photo,RPE_RS00530,RPE
iDT1294Photo,RPE_RS00550,RPE
iDT1294Photo,RPE_RS00560,RPE
iDT1294Photo,RPE_RS00590,RPE
iDT1294Photo,RPE_RS00605,RPE
iDT1294Photo,RPE_RS00665,RPE
iDT1294Photo,RPE_RS00680,RPE
iDT1294Photo,RPE_RS00705,RPE
iDT1294Photo,RPE_RS00720,RPE
iDT1294Photo,RPE_RS00725,RPE
iDT1294Photo,RPE_RS00745,RPE
iDT1294Photo,RPE_RS00770,RPE
iDT1294Photo,RPE_RS00775,RPE
iDT1294Photo,RPE_RS00790,RPE
iDT1294Photo,RPE_RS00795,RPE
iDT1294Photo,RPE_RS00800,RPE
iDT1294Photo,RPE_RS00810,RPE
iDT1294Photo,RPE_RS00825,RPE
iDT1294Photo,RPE_RS00835,RPE
iDT1294Photo,RPE_RS00840,RPE
iDT1294Photo,RPE_RS00845,RPE
iDT1294Photo,RPE_RS00870,RPE
iDT1294Photo,RPE_RS00885,RPE
iDT1294Photo,RPE_RS00905,RPE
iDT1294Photo,RPE_RS00910,RPE
iDT1294Photo,RPE_RS00925,RPE
iDT1294Photo,RPE_RS00940,RPE
iDT1294Photo,RPE_RS00945,RPE
iDT1294Photo,RPE_RS00965,RPE
iDT1294Photo,RPE_RS01020,RPE
iDT1294Photo,RPE_RS01025,RPE
iDT1294Photo,RPE_RS01045,RPE
iDT1294Photo,RPE_RS01070,RPE
iDT1294Photo,RPE_RS01090,RPE
iDT1294Photo,RPE_RS01100,RPE
iDT1294Photo,RPE_RS01120,RPE
iDT1294Photo,RPE_RS01125,RPE
iDT1294Photo,RPE_RS01130,RPE
iDT1294Photo,RPE_RS01150,RPE
iDT1294Photo,RPE_RS01175,RPE
iDT1294Photo,RPE_RS01195,RPE
iDT1294Photo,RPE_RS01225,RPE
iDT1294Photo,RPE_RS01230,RPE
iDT1294Photo,RPE_RS01250,RPE
iDT1294Photo,RPE_RS01275,RPE
iDT1294Photo,RPE_RS01285,RPE
iDT1294Photo,RPE_RS01290,RPE
iDT1294Photo,RPE_RS01295,RPE
iDT1294Photo,RPE_RS01340,RPE
iDT1294Photo,RPE_RS01345,RPE
iDT1294Photo,RPE_RS01395,RPE
iDT1294Photo,RPE_RS01405,RPE
iDT1294Photo,RPE_RS01410,RPE
iDT1294Photo,RPE_RS01415,RPE
iDT1294Photo,RPE_RS01420,RPE
iDT1294Photo,RPE_RS01455,RPE
iDT1294Photo,RPE_RS01465,RPE
iDT1294Photo,RPE_RS01485,RPE
iDT1294Photo,RPE_RS01490,RPE
iDT1294Photo,RPE_RS01505,RPE
iDT1294Photo,RPE_RS01520,RPE
iDT1294Photo,RPE_RS01525,RPE
iDT1294Photo,RPE_RS01540,RPE
iDT1294Photo,RPE_RS01555,RPE
iDT1294Photo,RPE_RS01560,RPE
iDT1294Photo,RPE_RS01565,RPE
iDT1294Photo,RPE_RS01570,RPE
iDT1294Photo,RPE_RS01610,RPE
iDT1294Photo,RPE_RS01665,RPE
iDT1294Photo,RPE_RS01670,RPE
iDT1294Photo,RPE_RS01675,RPE
iDT1294Photo,RPE_RS01700,RPE
iDT1294Photo,RPE_RS01710,RPE
iDT1294Photo,RPE_RS01715,RPE
iDT1294Photo,RPE_RS01720,RPE
iDT1294Photo,RPE_RS01730,RPE
iDT1294Photo,RPE_RS01775,RPE
iDT1294Photo,RPE_RS01780,RPE
iDT1294Photo,RPE_RS01800,RPE
iDT1294Photo,RPE_RS01825,RPE
iDT1294Photo,RPE_RS01830,RPE
iDT1294Photo,RPE_RS01840,RPE
iDT1294Photo,RPE_RS01855,RPE
iDT1294Photo,RPE_RS01895,RPE
iDT1294Photo,RPE_RS01900,RPE
iDT1294Photo,RPE_RS01955,RPE
iDT1294Photo,RPE_RS02000,RPE
iDT1294Photo,RPE_RS02015,RPE
iDT1294Photo,RPE_RS02020,RPE
iDT1294Photo,RPE_RS02025,RPE
iDT1294Photo,RPE_RS02035,RPE
iDT1294Photo,RPE_RS02040,RPE
iDT1294Photo,RPE_RS02135,RPE
iDT1294Photo,RPE_RS02145,RPE
iDT1294Photo,RPE_RS02150,RPE
iDT1294Photo,RPE_RS02155,RPE
iDT1294Photo,RPE_RS02170,RPE
iDT1294Photo,RPE_RS02190,RPE
iDT1294Photo,RPE_RS02195,RPE
iDT1294Photo,RPE_RS02200,RPE
iDT1294Photo,RPE_RS02210,RPE
iDT1294Photo,RPE_RS02215,RPE
iDT1294Photo,RPE_RS02230,RPE
iDT1294Photo,RPE_RS02240,RPE
iDT1294Photo,RPE_RS02275,RPE
iDT1294Photo,RPE_RS02280,RPE
iDT1294Photo,RPE_RS02285,RPE
iDT1294Photo,RPE_RS02290,RPE
iDT1294Photo,RPE_RS02295,RPE
iDT1294Photo,RPE_RS02305,RPE
iDT1294Photo,RPE_RS02345,RPE
iDT1294Photo,RPE_RS02355,RPE
iDT1294Photo,RPE_RS02360,RPE
iDT1294Photo,RPE_RS02370,RPE
iDT1294Photo,RPE_RS02375,RPE
iDT1294Photo,RPE_RS02385,RPE
iDT1294Photo,RPE_RS02405,RPE
iDT1294Photo,RPE_RS02470,RPE
iDT1294Photo,RPE_RS02485,RPE
iDT1294Photo,RPE_RS02520,RPE
iDT1294Photo,RPE_RS02530,RPE
iDT1294Photo,RPE_RS02560,RPE
iDT1294Photo,RPE_RS02565,RPE
iDT1294Photo,RPE_RS02570,RPE
iDT1294Photo,RPE_RS02575,RPE
iDT1294Photo,RPE_RS02580,RPE
iDT1294Photo,RPE_RS02620,RPE
iDT1294Photo,RPE_RS02650,RPE
iDT1294Photo,RPE_RS02655,RPE
iDT1294Photo,RPE_RS02660,RPE
iDT1294Photo,RPE_RS02685,RPE
iDT1294Photo,RPE_RS02690,RPE
iDT1294Photo,RPE_RS02700,RPE
iDT1294Photo,RPE_RS02705,RPE
iDT1294Photo,RPE_RS02730,RPE
iDT1294Photo,RPE_RS02740,RPE
iDT1294Photo,RPE_RS02755,RPE
iDT1294Photo,RPE_RS02770,RPE
iDT1294Photo,RPE_RS02890,RPE
iDT1294Photo,RPE_RS02895,RPE
iDT1294Photo,RPE_RS02905,RPE
iDT1294Photo,RPE_RS02930,RPE
iDT1294Photo,RPE_RS02945,RPE
iDT1294Photo,RPE_RS02950,RPE
iDT1294Photo,RPE_RS02955,RPE
iDT1294Photo,RPE_RS02960,RPE
iDT1294Photo,RPE_RS02965,RPE
iDT1294Photo,RPE_RS02970,RPE
iDT1294Photo,RPE_RS02975,RPE
iDT1294Photo,RPE_RS03000,RPE
iDT1294Photo,RPE_RS03005,RPE
iDT1294Photo,RPE_RS03015,RPE
iDT1294Photo,RPE_RS03040,RPE
iDT1294Photo,RPE_RS03050,RPE
iDT1294Photo,RPE_RS03055,RPE
iDT1294Photo,RPE_RS03070,RPE
iDT1294Photo,RPE_RS03100,RPE
iDT1294Photo,RPE_RS03105,RPE
iDT1294Photo,RPE_RS03115,RPE
iDT1294Photo,RPE_RS03170,RPE
iDT1294Photo,RPE_RS03175,RPE
iDT1294Photo,RPE_RS03235,RPE
iDT1294Photo,RPE_RS03255,RPE
iDT1294Photo,RPE_RS03265,RPE
iDT1294Photo,RPE_RS03275,RPE
iDT1294Photo,RPE_RS03290,RPE
iDT1294Photo,RPE_RS03305,RPE
iDT1294Photo,RPE_RS03320,RPE
iDT1294Photo,RPE_RS03340,RPE
iDT1294Photo,RPE_RS03345,RPE
iDT1294Photo,RPE_RS03360,RPE
iDT1294Photo,RPE_RS03365,RPE
iDT1294Photo,RPE_RS03370,RPE
iDT1294Photo,RPE_RS03385,RPE
iDT1294Photo,RPE_RS03410,RPE
iDT1294Photo,RPE_RS03415,RPE
iDT1294Photo,RPE_RS03430,RPE
iDT1294Photo,RPE_RS03435,RPE
iDT1294Photo,RPE_RS03440,RPE
iDT1294Photo,RPE_RS03475,RPE
iDT1294Photo,RPE_RS03480,RPE
iDT1294Photo,RPE_RS03500,RPE
iDT1294Photo,RPE_RS03505,RPE
iDT1294Photo,RPE_RS03525,RPE
iDT1294Photo,RPE_RS03530,RPE
iDT1294Photo,RPE_RS03550,RPE
iDT1294Photo,RPE_RS03590,RPE
iDT1294Photo,RPE_RS03605,RPE
iDT1294Photo,RPE_RS03685,RPE
iDT1294Photo,RPE_RS03690,RPE
iDT1294Photo,RPE_RS03715,RPE
iDT1294Photo,RPE_RS03730,RPE
iDT1294Photo,RPE_RS03735,RPE
iDT1294Photo,RPE_RS03740,RPE
iDT1294Photo,RPE_RS03750,RPE
iDT1294Photo,RPE_RS03755,RPE
iDT1294Photo,RPE_RS03760,RPE
iDT1294Photo,RPE_RS03765,RPE
iDT1294Photo,RPE_RS03790,RPE
iDT1294Photo,RPE_RS03815,RPE
iDT1294Photo,RPE_RS03820,RPE
iDT1294Photo,RPE_RS03825,RPE
iDT1294Photo,RPE_RS03835,RPE
iDT1294Photo,RPE_RS03840,RPE
iDT1294Photo,RPE_RS03850,RPE
iDT1294Photo,RPE_RS03855,RPE
iDT1294Photo,RPE_RS04005,RPE
iDT1294Photo,RPE_RS04025,RPE
iDT1294Photo,RPE_RS04030,RPE
iDT1294Photo,RPE_RS04040,RPE
iDT1294Photo,RPE_RS04050,RPE
iDT1294Photo,RPE_RS04060,RPE
iDT1294Photo,RPE_RS04070,RPE
iDT1294Photo,RPE_RS04085,RPE
iDT1294Photo,RPE_RS04120,RPE
iDT1294Photo,RPE_RS04145,RPE
iDT1294Photo,RPE_RS04150,RPE
iDT1294Photo,RPE_RS04175,RPE
iDT1294Photo,RPE_RS04265,RPE
iDT1294Photo,RPE_RS04270,RPE
iDT1294Photo,RPE_RS04295,RPE
iDT1294Photo,RPE_RS04380,RPE
iDT1294Photo,RPE_RS04385,RPE
iDT1294Photo,RPE_RS04405,RPE
iDT1294Photo,RPE_RS04425,RPE
iDT1294Photo,RPE_RS04435,RPE
iDT1294Photo,RPE_RS04440,RPE
iDT1294Photo,RPE_RS04455,RPE
iDT1294Photo,RPE_RS04495,RPE
iDT1294Photo,RPE_RS04500,RPE
iDT1294Photo,RPE_RS04505,RPE
iDT1294Photo,RPE_RS04520,RPE
iDT1294Photo,RPE_RS04580,RPE
iDT1294Photo,RPE_RS04595,RPE
iDT1294Photo,RPE_RS04600,RPE
iDT1294Photo,RPE_RS04605,RPE
iDT1294Photo,RPE_RS04610,RPE
iDT1294Photo,RPE_RS04645,RPE
iDT1294Photo,RPE_RS04660,RPE
iDT1294Photo,RPE_RS04665,RPE
iDT1294Photo,RPE_RS04670,RPE
iDT1294Photo,RPE_RS04690,RPE
iDT1294Photo,RPE_RS04705,RPE
iDT1294Photo,RPE_RS04745,RPE
iDT1294Photo,RPE_RS04765,RPE
iDT1294Photo,RPE_RS04775,RPE
iDT1294Photo,RPE_RS04780,RPE
iDT1294Photo,RPE_RS04795,RPE
iDT1294Photo,RPE_RS04800,RPE
iDT1294Photo,RPE_RS04805,RPE
iDT1294Photo,RPE_RS04810,RPE
iDT1294Photo,RPE_RS04815,RPE
iDT1294Photo,RPE_RS04820,RPE
iDT1294Photo,RPE_RS04825,RPE
iDT1294Photo,RPE_RS04835,RPE
iDT1294Photo,RPE_RS04840,RPE
iDT1294Photo,RPE_RS04845,RPE
iDT1294Photo,RPE_RS04925,RPE
iDT1294Photo,RPE_RS04935,RPE
iDT1294Photo,RPE_RS04940,RPE
iDT1294Photo,RPE_RS04945,RPE
iDT1294Photo,RPE_RS04950,RPE
iDT1294Photo,RPE_RS04955,RPE
iDT1294Photo,RPE_RS04960,RPE
iDT1294Photo,RPE_RS04965,RPE
iDT1294Photo,RPE_RS04970,RPE
iDT1294Photo,RPE_RS04975,RPE
iDT1294Photo,RPE_RS04980,RPE
iDT1294Photo,RPE_RS04985,RPE
iDT1294Photo,RPE_RS04990,RPE
iDT1294Photo,RPE_RS05000,RPE
iDT1294Photo,RPE_RS05010,RPE
iDT1294Photo,RPE_RS05015,RPE
iDT1294Photo,RPE_RS05020,RPE
iDT1294Photo,RPE_RS05025,RPE
iDT1294Photo,RPE_RS05030,RPE
iDT1294Photo,RPE_RS05035,RPE
iDT1294Photo,RPE_RS05040,RPE
iDT1294Photo,RPE_RS05045,RPE
iDT1294Photo,RPE_RS05070,RPE
iDT1294Photo,RPE_RS05180,RPE
iDT1294Photo,RPE_RS05265,RPE
iDT1294Photo,RPE_RS05390,RPE
iDT1294Photo,RPE_RS05405,RPE
iDT1294Photo,RPE_RS05420,RPE
iDT1294Photo,RPE_RS05425,RPE
iDT1294Photo,RPE_RS05470,RPE
iDT1294Photo,RPE_RS05485,RPE
iDT1294Photo,RPE_RS05525,RPE
iDT1294Photo,RPE_RS05550,RPE
iDT1294Photo,RPE_RS05635,RPE
iDT1294Photo,RPE_RS05810,RPE
iDT1294Photo,RPE_RS05920,RPE
iDT1294Photo,RPE_RS06055,RPE
iDT1294Photo,RPE_RS06110,RPE
iDT1294Photo,RPE_RS06155,RPE
iDT1294Photo,RPE_RS06160,RPE
iDT1294Photo,RPE_RS06175,RPE
iDT1294Photo,RPE_RS06200,RPE
iDT1294Photo,RPE_RS06205,RPE
iDT1294Photo,RPE_RS06210,RPE
iDT1294Photo,RPE_RS06215,RPE
iDT1294Photo,RPE_RS06220,RPE
iDT1294Photo,RPE_RS06230,RPE
iDT1294Photo,RPE_RS06235,RPE
iDT1294Photo,RPE_RS06240,RPE
iDT1294Photo,RPE_RS06245,RPE
iDT1294Photo,RPE_RS06250,RPE
iDT1294Photo,RPE_RS06345,RPE
iDT1294Photo,RPE_RS06360,RPE
iDT1294Photo,RPE_RS06370,RPE
iDT1294Photo,RPE_RS06375,RPE
iDT1294Photo,RPE_RS06380,RPE
iDT1294Photo,RPE_RS06385,RPE
iDT1294Photo,RPE_RS06390,RPE
iDT1294Photo,RPE_RS06395,RPE
iDT1294Photo,RPE_RS06400,RPE
iDT1294Photo,RPE_RS06430,RPE
iDT1294Photo,RPE_RS06455,RPE
iDT1294Photo,RPE_RS06465,RPE
iDT1294Photo,RPE_RS06470,RPE
iDT1294Photo,RPE_RS06575,RPE
iDT1294Photo,RPE_RS06585,RPE
iDT1294Photo,RPE_RS06590,RPE
iDT1294Photo,RPE_RS06625,RPE
iDT1294Photo,RPE_RS06635,RPE
iDT1294Photo,RPE_RS06640,RPE
iDT1294Photo,RPE_RS06645,RPE
iDT1294Photo,RPE_RS06650,RPE
iDT1294Photo,RPE_RS06655,RPE
iDT1294Photo,RPE_RS06670,RPE
iDT1294Photo,RPE_RS06675,RPE
iDT1294Photo,RPE_RS06680,RPE
iDT1294Photo,RPE_RS06685,RPE
iDT1294Photo,RPE_RS06690,RPE
iDT1294Photo,RPE_RS06695,RPE
iDT1294Photo,RPE_RS06700,RPE
iDT1294Photo,RPE_RS06705,RPE
iDT1294Photo,RPE_RS06710,RPE
iDT1294Photo,RPE_RS06715,RPE
iDT1294Photo,RPE_RS06720,RPE
iDT1294Photo,RPE_RS06730,RPE
iDT1294Photo,RPE_RS06740,RPE
iDT1294Photo,RPE_RS06780,RPE
iDT1294Photo,RPE_RS06785,RPE
iDT1294Photo,RPE_RS06790,RPE
iDT1294Photo,RPE_RS06795,RPE
iDT1294Photo,RPE_RS06800,RPE
iDT1294Photo,RPE_RS06805,RPE
iDT1294Photo,RPE_RS06815,RPE
iDT1294Photo,RPE_RS06820,RPE
iDT1294Photo,RPE_RS06835,RPE
iDT1294Photo,RPE_RS06845,RPE
iDT1294Photo,RPE_RS06855,RPE
iDT1294Photo,RPE_RS06860,RPE
iDT1294Photo,RPE_RS06875,RPE
iDT1294Photo,RPE_RS06890,RPE
iDT1294Photo,RPE_RS06940,RPE
iDT1294Photo,RPE_RS06945,RPE
iDT1294Photo,RPE_RS06950,RPE
iDT1294Photo,RPE_RS06955,RPE
iDT1294Photo,RPE_RS06990,RPE
iDT1294Photo,RPE_RS07000,RPE
iDT1294Photo,RPE_RS07005,RPE
iDT1294Photo,RPE_RS07025,RPE
iDT1294Photo,RPE_RS07100,RPE
iDT1294Photo,RPE_RS07105,RPE
iDT1294Photo,RPE_RS07120,RPE
iDT1294Photo,RPE_RS07165,RPE
iDT1294Photo,RPE_RS07185,RPE
iDT1294Photo,RPE_RS07200,RPE
iDT1294Photo,RPE_RS07280,RPE
iDT1294Photo,RPE_RS07285,RPE
iDT1294Photo,RPE_RS07290,RPE
iDT1294Photo,RPE_RS07295,RPE
iDT1294Photo,RPE_RS07300,RPE
iDT1294Photo,RPE_RS07305,RPE
iDT1294Photo,RPE_RS07310,RPE
iDT1294Photo,RPE_RS07325,RPE
iDT1294Photo,RPE_RS07365,RPE
iDT1294Photo,RPE_RS07375,RPE
iDT1294Photo,RPE_RS07385,RPE
iDT1294Photo,RPE_RS07395,RPE
iDT1294Photo,RPE_RS07410,RPE
iDT1294Photo,RPE_RS07460,RPE
iDT1294Photo,RPE_RS07470,RPE
iDT1294Photo,RPE_RS07540,RPE
iDT1294Photo,RPE_RS07570,RPE
iDT1294Photo,RPE_RS07575,RPE
iDT1294Photo,RPE_RS07580,RPE
iDT1294Photo,RPE_RS07585,RPE
iDT1294Photo,RPE_RS07590,RPE
iDT1294Photo,RPE_RS07625,RPE
iDT1294Photo,RPE_RS07630,RPE
iDT1294Photo,RPE_RS07645,RPE
iDT1294Photo,RPE_RS07765,RPE
iDT1294Photo,RPE_RS07895,RPE
iDT1294Photo,RPE_RS08020,RPE
iDT1294Photo,RPE_RS08025,RPE
iDT1294Photo,RPE_RS08030,RPE
iDT1294Photo,RPE_RS08035,RPE
iDT1294Photo,RPE_RS08045,RPE
iDT1294Photo,RPE_RS08090,RPE
iDT1294Photo,RPE_RS08095,RPE
iDT1294Photo,RPE_RS08105,RPE
iDT1294Photo,RPE_RS08115,RPE
iDT1294Photo,RPE_RS08120,RPE
iDT1294Photo,RPE_RS08155,RPE
iDT1294Photo,RPE_RS08175,RPE
iDT1294Photo,RPE_RS08210,RPE
iDT1294Photo,RPE_RS08235,RPE
iDT1294Photo,RPE_RS08260,RPE
iDT1294Photo,RPE_RS08275,RPE
iDT1294Photo,RPE_RS08290,RPE
iDT1294Photo,RPE_RS08305,RPE
iDT1294Photo,RPE_RS08310,RPE
iDT1294Photo,RPE_RS08315,RPE
iDT1294Photo,RPE_RS08320,RPE
iDT1294Photo,RPE_RS08330,RPE
iDT1294Photo,RPE_RS08345,RPE
iDT1294Photo,RPE_RS08370,RPE
iDT1294Photo,RPE_RS08400,RPE
iDT1294Photo,RPE_RS08445,RPE
iDT1294Photo,RPE_RS08450,RPE
iDT1294Photo,RPE_RS08470,RPE
iDT1294Photo,RPE_RS08505,RPE
iDT1294Photo,RPE_RS08535,RPE
iDT1294Photo,RPE_RS08540,RPE
iDT1294Photo,RPE_RS08550,RPE
iDT1294Photo,RPE_RS08570,RPE
iDT1294Photo,RPE_RS08590,RPE
iDT1294Photo,RPE_RS08595,RPE
iDT1294Photo,RPE_RS08600,RPE
iDT1294Photo,RPE_RS08605,RPE
iDT1294Photo,RPE_RS08610,RPE
iDT1294Photo,RPE_RS08615,RPE
iDT1294Photo,RPE_RS08620,RPE
iDT1294Photo,RPE_RS08625,RPE
iDT1294Photo,RPE_RS08630,RPE
iDT1294Photo,RPE_RS08635,RPE
iDT1294Photo,RPE_RS08640,RPE
iDT1294Photo,RPE_RS08645,RPE
iDT1294Photo,RPE_RS08650,RPE
iDT1294Photo,RPE_RS08655,RPE
iDT1294Photo,RPE_RS08660,RPE
iDT1294Photo,RPE_RS08665,RPE
iDT1294Photo,RPE_RS08670,RPE
iDT1294Photo,RPE_RS08710,RPE
iDT1294Photo,RPE_RS08725,RPE
iDT1294Photo,RPE_RS08745,RPE
iDT1294Photo,RPE_RS08765,RPE
iDT1294Photo,RPE_RS08835,RPE
iDT1294Photo,RPE_RS08840,RPE
iDT1294Photo,RPE_RS08845,RPE
iDT1294Photo,RPE_RS08850,RPE
iDT1294Photo,RPE_RS08855,RPE
iDT1294Photo,RPE_RS08860,RPE
iDT1294Photo,RPE_RS08865,RPE
iDT1294Photo,RPE_RS08875,RPE
iDT1294Photo,RPE_RS08885,RPE
iDT1294Photo,RPE_RS08890,RPE
iDT1294Photo,RPE_RS08895,RPE
iDT1294Photo,RPE_RS08900,RPE
iDT1294Photo,RPE_RS08905,RPE
iDT1294Photo,RPE_RS08915,RPE
iDT1294Photo,RPE_RS08965,RPE
iDT1294Photo,RPE_RS08975,RPE
iDT1294Photo,RPE_RS08980,RPE
iDT1294Photo,RPE_RS09020,RPE
iDT1294Photo,RPE_RS09025,RPE
iDT1294Photo,RPE_RS09030,RPE
iDT1294Photo,RPE_RS09035,RPE
iDT1294Photo,RPE_RS09045,RPE
iDT1294Photo,RPE_RS09075,RPE
iDT1294Photo,RPE_RS09090,RPE
iDT1294Photo,RPE_RS09100,RPE
iDT1294Photo,RPE_RS09125,RPE
iDT1294Photo,RPE_RS09145,RPE
iDT1294Photo,RPE_RS09160,RPE
iDT1294Photo,RPE_RS09175,RPE
iDT1294Photo,RPE_RS09190,RPE
iDT1294Photo,RPE_RS09235,RPE
iDT1294Photo,RPE_RS09245,RPE
iDT1294Photo,RPE_RS09260,RPE
iDT1294Photo,RPE_RS09325,RPE
iDT1294Photo,RPE_RS09335,RPE
iDT1294Photo,RPE_RS09340,RPE
iDT1294Photo,RPE_RS09345,RPE
iDT1294Photo,RPE_RS09350,RPE
iDT1294Photo,RPE_RS09735,RPE
iDT1294Photo,RPE_RS09755,RPE
iDT1294Photo,RPE_RS09815,RPE
iDT1294Photo,RPE_RS09835,RPE
iDT1294Photo,RPE_RS09845,RPE
iDT1294Photo,RPE_RS09900,RPE
iDT1294Photo,RPE_RS09935,RPE
iDT1294Photo,RPE_RS09945,RPE
iDT1294Photo,RPE_RS09950,RPE
iDT1294Photo,RPE_RS09970,RPE
iDT1294Photo,RPE_RS09975,RPE
iDT1294Photo,RPE_RS09985,RPE
iDT1294Photo,RPE_RS09995,RPE
iDT1294Photo,RPE_RS10000,RPE
iDT1294Photo,RPE_RS10005,RPE
iDT1294Photo,RPE_RS10040,RPE
iDT1294Photo,RPE_RS10045,RPE
iDT1294Photo,RPE_RS10055,RPE
iDT1294Photo,RPE_RS10065,RPE
iDT1294Photo,RPE_RS10070,RPE
iDT1294Photo,RPE_RS10075,RPE
iDT1294Photo,RPE_RS10080,RPE
iDT1294Photo,RPE_RS10090,RPE
iDT1294Photo,RPE_RS10095,RPE
iDT1294Photo,RPE_RS10100,RPE
iDT1294Photo,RPE_RS10110,RPE
iDT1294Photo,RPE_RS10120,RPE
iDT1294Photo,RPE_RS10125,RPE
iDT1294Photo,RPE_RS10130,RPE
iDT1294Photo,RPE_RS10135,RPE
iDT1294Photo,RPE_RS10140,RPE
iDT1294Photo,RPE_RS10145,RPE
iDT1294Photo,RPE_RS10190,RPE
iDT1294Photo,RPE_RS10200,RPE
iDT1294Photo,RPE_RS10205,RPE
iDT1294Photo,RPE_RS10250,RPE
iDT1294Photo,RPE_RS10265,RPE
iDT1294Photo,RPE_RS10280,RPE
iDT1294Photo,RPE_RS10310,RPE
iDT1294Photo,RPE_RS10345,RPE
iDT1294Photo,RPE_RS10380,RPE
iDT1294Photo,RPE_RS10385,RPE
iDT1294Photo,RPE_RS10390,RPE
iDT1294Photo,RPE_RS10395,RPE
iDT1294Photo,RPE_RS10400,RPE
iDT1294Photo,RPE_RS10410,RPE
iDT1294Photo,RPE_RS10450,RPE
iDT1294Photo,RPE_RS10455,RPE
iDT1294Photo,RPE_RS10500,RPE
iDT1294Photo,RPE_RS10530,RPE
iDT1294Photo,RPE_RS10550,RPE
iDT1294Photo,RPE_RS10555,RPE
iDT1294Photo,RPE_RS10560,RPE
iDT1294Photo,RPE_RS10565,RPE
iDT1294Photo,RPE_RS10570,RPE
iDT1294Photo,RPE_RS10580,RPE
iDT1294Photo,RPE_RS10590,RPE
iDT1294Photo,RPE_RS10600,RPE
iDT1294Photo,RPE_RS10605,RPE
iDT1294Photo,RPE_RS10610,RPE
iDT1294Photo,RPE_RS10625,RPE
iDT1294Photo,RPE_RS10675,RPE
iDT1294Photo,RPE_RS10700,RPE
iDT1294Photo,RPE_RS10735,RPE
iDT1294Photo,RPE_RS10750,RPE
iDT1294Photo,RPE_RS10775,RPE
iDT1294Photo,RPE_RS10905,RPE
iDT1294Photo,RPE_RS10920,RPE
iDT1294Photo,RPE_RS10960,RPE
iDT1294Photo,RPE_RS10970,RPE
iDT1294Photo,RPE_RS10975,RPE
iDT1294Photo,RPE_RS10980,RPE
iDT1294Photo,RPE_RS11005,RPE
iDT1294Photo,RPE_RS11015,RPE
iDT1294Photo,RPE_RS11030,RPE
iDT1294Photo,RPE_RS11035,RPE
iDT1294Photo,RPE_RS11040,RPE
iDT1294Photo,RPE_RS11060,RPE
iDT1294Photo,RPE_RS11070,RPE
iDT1294Photo,RPE_RS11075,RPE
iDT1294Photo,RPE_RS11080,RPE
iDT1294Photo,RPE_RS11090,RPE
iDT1294Photo,RPE_RS11125,RPE
iDT1294Photo,RPE_RS11130,RPE
iDT1294Photo,RPE_RS11135,RPE
iDT1294Photo,RPE_RS11145,RPE
iDT1294Photo,RPE_RS11150,RPE
iDT1294Photo,RPE_RS11155,RPE
iDT1294Photo,RPE_RS11160,RPE
iDT1294Photo,RPE_RS11165,RPE
iDT1294Photo,RPE_RS11180,RPE
iDT1294Photo,RPE_RS11190,RPE
iDT1294Photo,RPE_RS11195,RPE
iDT1294Photo,RPE_RS11200,RPE
iDT1294Photo,RPE_RS11210,RPE
iDT1294Photo,RPE_RS11220,RPE
iDT1294Photo,RPE_RS11230,RPE
iDT1294Photo,RPE_RS11235,RPE
iDT1294Photo,RPE_RS11240,RPE
iDT1294Photo,RPE_RS11280,RPE
iDT1294Photo,RPE_RS11285,RPE
iDT1294Photo,RPE_RS11305,RPE
iDT1294Photo,RPE_RS11315,RPE
iDT1294Photo,RPE_RS11320,RPE
iDT1294Photo,RPE_RS11340,RPE
iDT1294Photo,RPE_RS11345,RPE
iDT1294Photo,RPE_RS11390,RPE
iDT1294Photo,RPE_RS11480,RPE
iDT1294Photo,RPE_RS11500,RPE
iDT1294Photo,RPE_RS11535,RPE
iDT1294Photo,RPE_RS11540,RPE
iDT1294Photo,RPE_RS11555,RPE
iDT1294Photo,RPE_RS11570,RPE
iDT1294Photo,RPE_RS11630,RPE
iDT1294Photo,RPE_RS11640,RPE
iDT1294Photo,RPE_RS11715,RPE
iDT1294Photo,RPE_RS11730,RPE
iDT1294Photo,RPE_RS11785,RPE
iDT1294Photo,RPE_RS11790,RPE
iDT1294Photo,RPE_RS11835,RPE
iDT1294Photo,RPE_RS11840,RPE
iDT1294Photo,RPE_RS11910,RPE
iDT1294Photo,RPE_RS11915,RPE
iDT1294Photo,RPE_RS11930,RPE
iDT1294Photo,RPE_RS11935,RPE
iDT1294Photo,RPE_RS11945,RPE
iDT1294Photo,RPE_RS11955,RPE
iDT1294Photo,RPE_RS11970,RPE
iDT1294Photo,RPE_RS11975,RPE
iDT1294Photo,RPE_RS11980,RPE
iDT1294Photo,RPE_RS11985,RPE
iDT1294Photo,RPE_RS11995,RPE
iDT1294Photo,RPE_RS12005,RPE
iDT1294Photo,RPE_RS12030,RPE
iDT1294Photo,RPE_RS12125,RPE
iDT1294Photo,RPE_RS12295,RPE
iDT1294Photo,RPE_RS12335,RPE
iDT1294Photo,RPE_RS12540,RPE
iDT1294Photo,RPE_RS12560,RPE
iDT1294Photo,RPE_RS12570,RPE
iDT1294Photo,RPE_RS12615,RPE
iDT1294Photo,RPE_RS12620,RPE
iDT1294Photo,RPE_RS12625,RPE
iDT1294Photo,RPE_RS12655,RPE
iDT1294Photo,RPE_RS12665,RPE
iDT1294Photo,RPE_RS12675,RPE
iDT1294Photo,RPE_RS12680,RPE
iDT1294Photo,RPE_RS12690,RPE
iDT1294Photo,RPE_RS12695,RPE
iDT1294Photo,RPE_RS12700,RPE
iDT1294Photo,RPE_RS12705,RPE
iDT1294Photo,RPE_RS12710,RPE
iDT1294Photo,RPE_RS127202,RPE
iDT1294Photo,RPE_RS12730,RPE
iDT1294Photo,RPE_RS12740,RPE
iDT1294Photo,RPE_RS12760,RPE
iDT1294Photo,RPE_RS12770,RPE
iDT1294Photo,RPE_RS12815,RPE
iDT1294Photo,RPE_RS12825,RPE
iDT1294Photo,RPE_RS12830,RPE
iDT1294Photo,RPE_RS12835,RPE
iDT1294Photo,RPE_RS12850,RPE
iDT1294Photo,RPE_RS12855,RPE
iDT1294Photo,RPE_RS12860,RPE
iDT1294Photo,RPE_RS12870,RPE
iDT1294Photo,RPE_RS12875,RPE
iDT1294Photo,RPE_RS12880,RPE
iDT1294Photo,RPE_RS12885,RPE
iDT1294Photo,RPE_RS12900,RPE
iDT1294Photo,RPE_RS12915,RPE
iDT1294Photo,RPE_RS12950,RPE
iDT1294Photo,RPE_RS12960,RPE
iDT1294Photo,RPE_RS12980,RPE
iDT1294Photo,RPE_RS12985,RPE
iDT1294Photo,RPE_RS12990,RPE
iDT1294Photo,RPE_RS12995,RPE
iDT1294Photo,RPE_RS13005,RPE
iDT1294Photo,RPE_RS13015,RPE
iDT1294Photo,RPE_RS13045,RPE
iDT1294Photo,RPE_RS13050,RPE
iDT1294Photo,RPE_RS13070,RPE
iDT1294Photo,RPE_RS13075,RPE
iDT1294Photo,RPE_RS13100,RPE
iDT1294Photo,RPE_RS13110,RPE
iDT1294Photo,RPE_RS13120,RPE
iDT1294Photo,RPE_RS13130,RPE
iDT1294Photo,RPE_RS13180,RPE
iDT1294Photo,RPE_RS13185,RPE
iDT1294Photo,RPE_RS13200,RPE
iDT1294Photo,RPE_RS13400,RPE
iDT1294Photo,RPE_RS13430,RPE
iDT1294Photo,RPE_RS13455,RPE
iDT1294Photo,RPE_RS13460,RPE
iDT1294Photo,RPE_RS13465,RPE
iDT1294Photo,RPE_RS13470,RPE
iDT1294Photo,RPE_RS13475,RPE
iDT1294Photo,RPE_RS13500,RPE
iDT1294Photo,RPE_RS13510,RPE
iDT1294Photo,RPE_RS13545,RPE
iDT1294Photo,RPE_RS13560,RPE
iDT1294Photo,RPE_RS13665,RPE
iDT1294Photo,RPE_RS13680,RPE
iDT1294Photo,RPE_RS13690,RPE
iDT1294Photo,RPE_RS13695,RPE
iDT1294Photo,RPE_RS13700,RPE
iDT1294Photo,RPE_RS13705,RPE
iDT1294Photo,RPE_RS13710,RPE
iDT1294Photo,RPE_RS13715,RPE
iDT1294Photo,RPE_RS13725,RPE
iDT1294Photo,RPE_RS13745,RPE
iDT1294Photo,RPE_RS13800,RPE
iDT1294Photo,RPE_RS13810,RPE
iDT1294Photo,RPE_RS13820,RPE
iDT1294Photo,RPE_RS13830,RPE
iDT1294Photo,RPE_RS13835,RPE
iDT1294Photo,RPE_RS13865,RPE
iDT1294Photo,RPE_RS13890,RPE
iDT1294Photo,RPE_RS13910,RPE
iDT1294Photo,RPE_RS13915,RPE
iDT1294Photo,RPE_RS13990,RPE
iDT1294Photo,RPE_RS13995,RPE
iDT1294Photo,RPE_RS14010,RPE
iDT1294Photo,RPE_RS14025,RPE
iDT1294Photo,RPE_RS14030,RPE
iDT1294Photo,RPE_RS14050,RPE
iDT1294Photo,RPE_RS14065,RPE
iDT1294Photo,RPE_RS14105,RPE
iDT1294Photo,RPE_RS14110,RPE
iDT1294Photo,RPE_RS14120,RPE
iDT1294Photo,RPE_RS14130,RPE
iDT1294Photo,RPE_RS14140,RPE
iDT1294Photo,RPE_RS14145,RPE
iDT1294Photo,RPE_RS14190,RPE
iDT1294Photo,RPE_RS14195,RPE
iDT1294Photo,RPE_RS14255,RPE
iDT1294Photo,RPE_RS14260,RPE
iDT1294Photo,RPE_RS14265,RPE
iDT1294Photo,RPE_RS14270,RPE
iDT1294Photo,RPE_RS14280,RPE
iDT1294Photo,RPE_RS14285,RPE
iDT1294Photo,RPE_RS14330,RPE
iDT1294Photo,RPE_RS14335,RPE
iDT1294Photo,RPE_RS14340,RPE
iDT1294Photo,RPE_RS14345,RPE
iDT1294Photo,RPE_RS14350,RPE
iDT1294Photo,RPE_RS14365,RPE
iDT1294Photo,RPE_RS14390,RPE
iDT1294Photo,RPE_RS14395,RPE
iDT1294Photo,RPE_RS14405,RPE
iDT1294Photo,RPE_RS14425,RPE
iDT1294Photo,RPE_RS14430,RPE
iDT1294Photo,RPE_RS14450,RPE
iDT1294Photo,RPE_RS14490,RPE
iDT1294Photo,RPE_RS14495,RPE
iDT1294Photo,RPE_RS14520,RPE
iDT1294Photo,RPE_RS14615,RPE
iDT1294Photo,RPE_RS14620,RPE
iDT1294Photo,RPE_RS14640,RPE
iDT1294Photo,RPE_RS14670,RPE
iDT1294Photo,RPE_RS14715,RPE
iDT1294Photo,RPE_RS14735,RPE
iDT1294Photo,RPE_RS14755,RPE
iDT1294Photo,RPE_RS14760,RPE
iDT1294Photo,RPE_RS14765,RPE
iDT1294Photo,RPE_RS14775,RPE
iDT1294Photo,RPE_RS14780,RPE
iDT1294Photo,RPE_RS14795,RPE
iDT1294Photo,RPE_RS14870,RPE
iDT1294Photo,RPE_RS14880,RPE
iDT1294Photo,RPE_RS14885,RPE
iDT1294Photo,RPE_RS14890,RPE
iDT1294Photo,RPE_RS14895,RPE
iDT1294Photo,RPE_RS14900,RPE
iDT1294Photo,RPE_RS14910,RPE
iDT1294Photo,RPE_RS14915,RPE
iDT1294Photo,RPE_RS14925,RPE
iDT1294Photo,RPE_RS14930,RPE
iDT1294Photo,RPE_RS14955,RPE
iDT1294Photo,RPE_RS14960,RPE
iDT1294Photo,RPE_RS14970,RPE
iDT1294Photo,RPE_RS15000,RPE
iDT1294Photo,RPE_RS15030,RPE
iDT1294Photo,RPE_RS15115,RPE
iDT1294Photo,RPE_RS15145,RPE
iDT1294Photo,RPE_RS15190,RPE
iDT1294Photo,RPE_RS15195,RPE
iDT1294Photo,RPE_RS15200,RPE
iDT1294Photo,RPE_RS15225,RPE
iDT1294Photo,RPE_RS15230,RPE
iDT1294Photo,RPE_RS15240,RPE
iDT1294Photo,RPE_RS15250,RPE
iDT1294Photo,RPE_RS15255,RPE
iDT1294Photo,RPE_RS15275,RPE
iDT1294Photo,RPE_RS15295,RPE
iDT1294Photo,RPE_RS15300,RPE
iDT1294Photo,RPE_RS15335,RPE
iDT1294Photo,RPE_RS15340,RPE
iDT1294Photo,RPE_RS15350,RPE
iDT1294Photo,RPE_RS15380,RPE
iDT1294Photo,RPE_RS15490,RPE
iDT1294Photo,RPE_RS15510,RPE
iDT1294Photo,RPE_RS15525,RPE
iDT1294Photo,RPE_RS15535,RPE
iDT1294Photo,RPE_RS15545,RPE
iDT1294Photo,RPE_RS15565,RPE
iDT1294Photo,RPE_RS15570,RPE
iDT1294Photo,RPE_RS15575,RPE
iDT1294Photo,RPE_RS15580,RPE
iDT1294Photo,RPE_RS15585,RPE
iDT1294Photo,RPE_RS15590,RPE
iDT1294Photo,RPE_RS15595,RPE
iDT1294Photo,RPE_RS15600,RPE
iDT1294Photo,RPE_RS15605,RPE
iDT1294Photo,RPE_RS15610,RPE
iDT1294Photo,RPE_RS15620,RPE
iDT1294Photo,RPE_RS15625,RPE
iDT1294Photo,RPE_RS15630,RPE
iDT1294Photo,RPE_RS15635,RPE
iDT1294Photo,RPE_RS15670,RPE
iDT1294Photo,RPE_RS15685,RPE
iDT1294Photo,RPE_RS15690,RPE
iDT1294Photo,RPE_RS15695,RPE
iDT1294Photo,RPE_RS15775,RPE
iDT1294Photo,RPE_RS15780,RPE
iDT1294Photo,RPE_RS15785,RPE
iDT1294Photo,RPE_RS15805,RPE
iDT1294Photo,RPE_RS15825,RPE
iDT1294Photo,RPE_RS15830,RPE
iDT1294Photo,RPE_RS15855,RPE
iDT1294Photo,RPE_RS15865,RPE
iDT1294Photo,RPE_RS15870,RPE
iDT1294Photo,RPE_RS15875,RPE
iDT1294Photo,RPE_RS15895,RPE
iDT1294Photo,RPE_RS15920,RPE
iDT1294Photo,RPE_RS15925,RPE
iDT1294Photo,RPE_RS15935,RPE
iDT1294Photo,RPE_RS15940,RPE
iDT1294Photo,RPE_RS15945,RPE
iDT1294Photo,RPE_RS15950,RPE
iDT1294Photo,RPE_RS15955,RPE
iDT1294Photo,RPE_RS15960,RPE
iDT1294Photo,RPE_RS15965,RPE
iDT1294Photo,RPE_RS15975,RPE
iDT1294Photo,RPE_RS15980,RPE
iDT1294Photo,RPE_RS15985,RPE
iDT1294Photo,RPE_RS15995,RPE
iDT1294Photo,RPE_RS16000,RPE
iDT1294Photo,RPE_RS16005,RPE
iDT1294Photo,RPE_RS16010,RPE
iDT1294Photo,RPE_RS16015,RPE
iDT1294Photo,RPE_RS16045,RPE
iDT1294Photo,RPE_RS16050,RPE
iDT1294Photo,RPE_RS16055,RPE
iDT1294Photo,RPE_RS16060,RPE
iDT1294Photo,RPE_RS16070,RPE
iDT1294Photo,RPE_RS16075,RPE
iDT1294Photo,RPE_RS16100,RPE
iDT1294Photo,RPE_RS16105,RPE
iDT1294Photo,RPE_RS16110,RPE
iDT1294Photo,RPE_RS16120,RPE
iDT1294Photo,RPE_RS16125,RPE
iDT1294Photo,RPE_RS16130,RPE
iDT1294Photo,RPE_RS16150,RPE
iDT1294Photo,RPE_RS16155,RPE
iDT1294Photo,RPE_RS16160,RPE
iDT1294Photo,RPE_RS16170,RPE
iDT1294Photo,RPE_RS16175,RPE
iDT1294Photo,RPE_RS16310,RPE
iDT1294Photo,RPE_RS16355,RPE
iDT1294Photo,RPE_RS16375,RPE
iDT1294Photo,RPE_RS16385,RPE
iDT1294Photo,RPE_RS16415,RPE
iDT1294Photo,RPE_RS16425,RPE
iDT1294Photo,RPE_RS16430,RPE
iDT1294Photo,RPE_RS16450,RPE
iDT1294Photo,RPE_RS16455,RPE
iDT1294Photo,RPE_RS16470,RPE
iDT1294Photo,RPE_RS16475,RPE
iDT1294Photo,RPE_RS16485,RPE
iDT1294Photo,RPE_RS16495,RPE
iDT1294Photo,RPE_RS16510,RPE
iDT1294Photo,RPE_RS16515,RPE
iDT1294Photo,RPE_RS16520,RPE
iDT1294Photo,RPE_RS16525,RPE
iDT1294Photo,RPE_RS16535,RPE
iDT1294Photo,RPE_RS16545,RPE
iDT1294Photo,RPE_RS16560,RPE
iDT1294Photo,RPE_RS16575,RPE
iDT1294Photo,RPE_RS16585,RPE
iDT1294Photo,RPE_RS16590,RPE
iDT1294Photo,RPE_RS16595,RPE
iDT1294Photo,RPE_RS16660,RPE
iDT1294Photo,RPE_RS16685,RPE
iDT1294Photo,RPE_RS16690,RPE
iDT1294Photo,RPE_RS16715,RPE
iDT1294Photo,RPE_RS16745,RPE
iDT1294Photo,RPE_RS16785,RPE
iDT1294Photo,RPE_RS16815,RPE
iDT1294Photo,RPE_RS16825,RPE
iDT1294Photo,RPE_RS16845,RPE
iDT1294Photo,RPE_RS16850,RPE
iDT1294Photo,RPE_RS16895,RPE
iDT1294Photo,RPE_RS16900,RPE
iDT1294Photo,RPE_RS16905,RPE
iDT1294Photo,RPE_RS16910,RPE
iDT1294Photo,RPE_RS16945,RPE
iDT1294Photo,RPE_RS16960,RPE
iDT1294Photo,RPE_RS17000,RPE
iDT1294Photo,RPE_RS17010,RPE
iDT1294Photo,RPE_RS17040,RPE
iDT1294Photo,RPE_RS17045,RPE
iDT1294Photo,RPE_RS17050,RPE
iDT1294Photo,RPE_RS17075,RPE
iDT1294Photo,RPE_RS17105,RPE
iDT1294Photo,RPE_RS17140,RPE
iDT1294Photo,RPE_RS17150,RPE
iDT1294Photo,RPE_RS17180,RPE
iDT1294Photo,RPE_RS17185,RPE
iDT1294Photo,RPE_RS17190,RPE
iDT1294Photo,RPE_RS17200,RPE
iDT1294Photo,RPE_RS17225,RPE
iDT1294Photo,RPE_RS17230,RPE
iDT1294Photo,RPE_RS17240,RPE
iDT1294Photo,RPE_RS17270,RPE
iDT1294Photo,RPE_RS17300,RPE
iDT1294Photo,RPE_RS17460,RPE
iDT1294Photo,RPE_RS17465,RPE
iDT1294Photo,RPE_RS17470,RPE
iDT1294Photo,RPE_RS17505,RPE
iDT1294Photo,RPE_RS17545,RPE
iDT1294Photo,RPE_RS17550,RPE
iDT1294Photo,RPE_RS17570,RPE
iDT1294Photo,RPE_RS17585,RPE
iDT1294Photo,RPE_RS17670,RPE
iDT1294Photo,RPE_RS17715,RPE
iDT1294Photo,RPE_RS17740,RPE
iDT1294Photo,RPE_RS17780,RPE
iDT1294Photo,RPE_RS17785,RPE
iDT1294Photo,RPE_RS17835,RPE
iDT1294Photo,RPE_RS17860,RPE
iDT1294Photo,RPE_RS18005,RPE
iDT1294Photo,RPE_RS18055,RPE
iDT1294Photo,RPE_RS18105,RPE
iDT1294Photo,RPE_RS18115,RPE
iDT1294Photo,RPE_RS18145,RPE
iDT1294Photo,RPE_RS18150,RPE
iDT1294Photo,RPE_RS18230,RPE
iDT1294Photo,RPE_RS18260,RPE
iDT1294Photo,RPE_RS18270,RPE
iDT1294Photo,RPE_RS18300,RPE
iDT1294Photo,RPE_RS18305,RPE
iDT1294Photo,RPE_RS18365,RPE
iDT1294Photo,RPE_RS18375,RPE
iDT1294Photo,RPE_RS18415,RPE
iDT1294Photo,RPE_RS18445,RPE
iDT1294Photo,RPE_RS18450,RPE
iDT1294Photo,RPE_RS18455,RPE
iDT1294Photo,RPE_RS18460,RPE
iDT1294Photo,RPE_RS18465,RPE
iDT1294Photo,RPE_RS18470,RPE
iDT1294Photo,RPE_RS18475,RPE
iDT1294Photo,RPE_RS18485,RPE
iDT1294Photo,RPE_RS18500,RPE
iDT1294Photo,RPE_RS18535,RPE
iDT1294Photo,RPE_RS18560,RPE
iDT1294Photo,RPE_RS18565,RPE
iDT1294Photo,RPE_RS18570,RPE
iDT1294Photo,RPE_RS18575,RPE
iDT1294Photo,RPE_RS18580,RPE
iDT1294Photo,RPE_RS18585,RPE
iDT1294Photo,RPE_RS18595,RPE
iDT1294Photo,RPE_RS18600,RPE
iDT1294Photo,RPE_RS18605,RPE
iDT1294Photo,RPE_RS18610,RPE
iDT1294Photo,RPE_RS18620,RPE
iDT1294Photo,RPE_RS18625,RPE
iDT1294Photo,RPE_RS18655,RPE
iDT1294Photo,RPE_RS18675,RPE
iDT1294Photo,RPE_RS18680,RPE
iDT1294Photo,RPE_RS18685,RPE
iDT1294Photo,RPE_RS18690,RPE
iDT1294Photo,RPE_RS18695,RPE
iDT1294Photo,RPE_RS18700,RPE
iDT1294Photo,RPE_RS18795,RPE
iDT1294Photo,RPE_RS18805,RPE
iDT1294Photo,RPE_RS18810,RPE
iDT1294Photo,RPE_RS18825,RPE
iDT1294Photo,RPE_RS18830,RPE
iDT1294Photo,RPE_RS18835,RPE
iDT1294Photo,RPE_RS18840,RPE
iDT1294Photo,RPE_RS18850,RPE
iDT1294Photo,RPE_RS18865,RPE
iDT1294Photo,RPE_RS18870,RPE
iDT1294Photo,RPE_RS18875,RPE
iDT1294Photo,RPE_RS18885,RPE
iDT1294Photo,RPE_RS18895,RPE
iDT1294Photo,RPE_RS18900,RPE
iDT1294Photo,RPE_RS18905,RPE
iDT1294Photo,RPE_RS18915,RPE
iDT1294Photo,RPE_RS18960,RPE
iDT1294Photo,RPE_RS18985,RPE
iDT1294Photo,RPE_RS19000,RPE
iDT1294Photo,RPE_RS19015,RPE
iDT1294Photo,RPE_RS19020,RPE
iDT1294Photo,RPE_RS19030,RPE
iDT1294Photo,RPE_RS19045,RPE
iDT1294Photo,RPE_RS19060,RPE
iDT1294Photo,RPE_RS19100,RPE
iDT1294Photo,RPE_RS19125,RPE
iDT1294Photo,RPE_RS19135,RPE
iDT1294Photo,RPE_RS19155,RPE
iDT1294Photo,RPE_RS19200,RPE
iDT1294Photo,RPE_RS19225,RPE
iDT1294Photo,RPE_RS19235,RPE
iDT1294Photo,RPE_RS19240,RPE
iDT1294Photo,RPE_RS19250,RPE
iDT1294Photo,RPE_RS19255,RPE
iDT1294Photo,RPE_RS19265,RPE
iDT1294Photo,RPE_RS19275,RPE
iDT1294Photo,RPE_RS19285,RPE
iDT1294Photo,RPE_RS19295,RPE
iDT1294Photo,RPE_RS19300,RPE
iDT1294Photo,RPE_RS19305,RPE
iDT1294Photo,RPE_RS19310,RPE
iDT1294Photo,RPE_RS19315,RPE
iDT1294Photo,RPE_RS19335,RPE
iDT1294Photo,RPE_RS19340,RPE
iDT1294Photo,RPE_RS19350,RPE
iDT1294Photo,RPE_RS19355,RPE
iDT1294Photo,RPE_RS19365,RPE
iDT1294Photo,RPE_RS19375,RPE
iDT1294Photo,RPE_RS19390,RPE
iDT1294Photo,RPE_RS19395,RPE
iDT1294Photo,RPE_RS19410,RPE
iDT1294Photo,RPE_RS19415,RPE
iDT1294Photo,RPE_RS19420,RPE
iDT1294Photo,RPE_RS19425,RPE
iDT1294Photo,RPE_RS19440,RPE
iDT1294Photo,RPE_RS19450,RPE
iDT1294Photo,RPE_RS19455,RPE
iDT1294Photo,RPE_RS19460,RPE
iDT1294Photo,RPE_RS19525,RPE
iDT1294Photo,RPE_RS19575,RPE
iDT1294Photo,RPE_RS19585,RPE
iDT1294Photo,RPE_RS19595,RPE
iDT1294Photo,RPE_RS19615,RPE
iDT1294Photo,RPE_RS19660,RPE
iDT1294Photo,RPE_RS19675,RPE
iDT1294Photo,RPE_RS19680,RPE
iDT1294Photo,RPE_RS19685,RPE
iDT1294Photo,RPE_RS19705,RPE
iDT1294Photo,RPE_RS19715,RPE
iDT1294Photo,RPE_RS19720,RPE
iDT1294Photo,RPE_RS19750,RPE
iDT1294Photo,RPE_RS19785,RPE
iDT1294Photo,RPE_RS19790,RPE
iDT1294Photo,RPE_RS19800,RPE
iDT1294Photo,RPE_RS19820,RPE
iDT1294Photo,RPE_RS19855,RPE
iDT1294Photo,RPE_RS19860,RPE
iDT1294Photo,RPE_RS19905,RPE
iDT1294Photo,RPE_RS19930,RPE
iDT1294Photo,RPE_RS20355,RPE
iDT1294Photo,RPE_RS20360,RPE
iDT1294Photo,RPE_RS20375,RPE
iDT1294Photo,RPE_RS20380,RPE
iDT1294Photo,RPE_RS20395,RPE
iDT1294Photo,RPE_RS20400,RPE
iDT1294Photo,RPE_RS20405,RPE
iDT1294Photo,RPE_RS20410,RPE
iDT1294Photo,RPE_RS20415,RPE
iDT1294Photo,RPE_RS20430,RPE
iDT1294Photo,RPE_RS20435,RPE
iDT1294Photo,RPE_RS20440,RPE
iDT1294Photo,RPE_RS20465,RPE
iDT1294Photo,RPE_RS20470,RPE
iDT1294Photo,RPE_RS20475,RPE
iDT1294Photo,RPE_RS20480,RPE
iDT1294Photo,RPE_RS20540,RPE
iDT1294Photo,RPE_RS20620,RPE
iDT1294Photo,RPE_RS20625,RPE
iDT1294Photo,RPE_RS20635,RPE
iDT1294Photo,RPE_RS20640,RPE
iDT1294Photo,RPE_RS20695,RPE
iDT1294Photo,RPE_RS20710,RPE
iDT1294Photo,RPE_RS20715,RPE
iDT1294Photo,RPE_RS20720,RPE
iDT1294Photo,RPE_RS20735,RPE
iDT1294Photo,RPE_RS20745,RPE
iDT1294Photo,RPE_RS20795,RPE
iDT1294Photo,RPE_RS20800,RPE
iDT1294Photo,RPE_RS20830,RPE
iDT1294Photo,RPE_RS20835,RPE
iDT1294Photo,RPE_RS20840,RPE
iDT1294Photo,RPE_RS20865,RPE
iDT1294Photo,RPE_RS20880,RPE
iDT1294Photo,RPE_RS20895,RPE
iDT1294Photo,RPE_RS20910,RPE
iDT1294Photo,RPE_RS20920,RPE
iDT1294Photo,RPE_RS20975,RPE
iDT1294Photo,RPE_RS21000,RPE
iDT1294Photo,RPE_RS21005,RPE
iDT1294Photo,RPE_RS21015,RPE
iDT1294Photo,RPE_RS21040,RPE
iDT1294Photo,RPE_RS21045,RPE
iDT1294Photo,RPE_RS21060,RPE
iDT1294Photo,RPE_RS21070,RPE
iDT1294Photo,RPE_RS21080,RPE
iDT1294Photo,RPE_RS21085,RPE
iDT1294Photo,RPE_RS21115,RPE
iDT1294Photo,RPE_RS21120,RPE
iDT1294Photo,RPE_RS21145,RPE
iDT1294Photo,RPE_RS21155,RPE
iDT1294Photo,RPE_RS21175,RPE
iDT1294Photo,RPE_RS21185,RPE
iDT1294Photo,RPE_RS21225,RPE
iDT1294Photo,RPE_RS21245,RPE
iDT1294Photo,RPE_RS21250,RPE
iDT1294Photo,RPE_RS21255,RPE
iDT1294Photo,RPE_RS21265,RPE
iDT1294Photo,RPE_RS21270,RPE
iDT1294Photo,RPE_RS21280,RPE
iDT1294Photo,RPE_RS21290,RPE
iDT1294Photo,RPE_RS21300,RPE
iDT1294Photo,RPE_RS21330,RPE
iDT1294Photo,RPE_RS21340,RPE
iDT1294Photo,RPE_RS21345,RPE
iDT1294Photo,RPE_RS21355,RPE
iDT1294Photo,RPE_RS21375,RPE
iDT1294Photo,RPE_RS21380,RPE
iDT1294Photo,RPE_RS21415,RPE
iDT1294Photo,RPE_RS21520,RPE
iDT1294Photo,RPE_RS21525,RPE
iDT1294Photo,RPE_RS21570,RPE
iDT1294Photo,RPE_RS21615,RPE
iDT1294Photo,RPE_RS21630,RPE
iDT1294Photo,RPE_RS21710,RPE
iDT1294Photo,RPE_RS21715,RPE
iDT1294Photo,RPE_RS21720,RPE
iDT1294Photo,RPE_RS21725,RPE
iDT1294Photo,RPE_RS21745,RPE
iDT1294Photo,RPE_RS21780,RPE
iDT1294Photo,RPE_RS21785,RPE
iDT1294Photo,RPE_RS21815,RPE
iDT1294Photo,RPE_RS21860,RPE
iDT1294Photo,RPE_RS21900,RPE
iDT1294Photo,RPE_RS21920,RPE
iDT1294Photo,RPE_RS21940,RPE
iDT1294Photo,RPE_RS21955,RPE
iDT1294Photo,RPE_RS21975,RPE
iDT1294Photo,RPE_RS21985,RPE
iDT1294Photo,RPE_RS21990,RPE
iDT1294Photo,RPE_RS21995,RPE
iDT1294Photo,RPE_RS22000,RPE
iDT1294Photo,RPE_RS22015,RPE
iDT1294Photo,RPE_RS22030,RPE
iDT1294Photo,RPE_RS22040,RPE
iDT1294Photo,RPE_RS22065,RPE
iDT1294Photo,RPE_RS22075,RPE
iDT1294Photo,RPE_RS22120,RPE
iDT1294Photo,RPE_RS22200,RPE
iDT1294Photo,RPE_RS22205,RPE
iDT1294Photo,RPE_RS22245,RPE
iDT1294Photo,RPE_RS22255,RPE
iDT1294Photo,RPE_RS22310,RPE
iDT1294Photo,RPE_RS22325,RPE
iDT1294Photo,RPE_RS22390,RPE
iDT1294Photo,RPE_RS22410,RPE
iDT1294Photo,RPE_RS22420,RPE
iDT1294Photo,RPE_RS22440,RPE
iDT1294Photo,RPE_RS22510,RPE
iDT1294Photo,RPE_RS22515,RPE
iDT1294Photo,RPE_RS22540,RPE
iDT1294Photo,RPE_RS22575,RPE
iDT1294Photo,RPE_RS22580,RPE
iDT1294Photo,RPE_RS22585,RPE
iDT1294Photo,RPE_RS22590,RPE
iDT1294Photo,RPE_RS22640,RPE
iDT1294Photo,RPE_RS22685,RPE
iDT1294Photo,RPE_RS22695,RPE
iDT1294Photo,RPE_RS22720,RPE
iDT1294Photo,RPE_RS22730,RPE
iDT1294Photo,RPE_RS22735,RPE
iDT1294Photo,RPE_RS22740,RPE
iDT1294Photo,RPE_RS22900,RPE
iDT1294Photo,RPE_RS22910,RPE
iDT1294Photo,RPE_RS22925,RPE
iDT1294Photo,RPE_RS22930,RPE
iDT1294Photo,RPE_RS22935,RPE
iDT1294Photo,RPE_RS22950,RPE
iDT1294Photo,RPE_RS22955,RPE
iDT1294Photo,RPE_RS22965,RPE
iDT1294Photo,RPE_RS22990,RPE
iDT1294Photo,RPE_RS23040,RPE
iDT1294Photo,RPE_RS23070,RPE
iDT1294Photo,RPE_RS23075,RPE
iDT1294Photo,RPE_RS23105,RPE
iDT1294Photo,RPE_RS23110,RPE
iDT1294Photo,RPE_RS23115,RPE
iDT1294Photo,RPE_RS23160,RPE
iDT1294Photo,RPE_RS23165,RPE
iDT1294Photo,RPE_RS23170,RPE
iDT1294Photo,RPE_RS23175,RPE
iDT1294Photo,RPE_RS23215,RPE
iDT1294Photo,RPE_RS23220,RPE
iDT1294Photo,RPE_RS23225,RPE
iDT1294Photo,RPE_RS23230,RPE
iDT1294Photo,RPE_RS23235,RPE
iDT1294Photo,RPE_RS23245,RPE
iDT1294Photo,RPE_RS23265,RPE
iDT1294Photo,RPE_RS23285,RPE
iDT1294Photo,RPE_RS23290,RPE
iDT1294Photo,RPE_RS23320,RPE
iDT1294Photo,RPE_RS23385,RPE
iDT1294Photo,RPE_RS23395,RPE
iDT1294Photo,RPE_RS23435,RPE
iDT1294Photo,RPE_RS23450,RPE
iDT1294Photo,RPE_RS23455,RPE
iDT1294Photo,RPE_RS23460,RPE
iDT1294Photo,RPE_RS23475,RPE
iDT1294Photo,RPE_RS23515,RPE
iDT1294Photo,RPE_RS23565,RPE
iDT1294Photo,RPE_RS23575,RPE
iDT1294Photo,RPE_RS23590,RPE
iDT1294Photo,RPE_RS23605,RPE
iDT1294Photo,RPE_RS23620,RPE
iDT1294Photo,RPE_RS23625,RPE
iDT1294Photo,RPE_RS23690,RPE
iDT1294Photo,RPE_RS23695,RPE
iDT1294Photo,RPE_RS23735,RPE
iDT1294Photo,RPE_RS23740,RPE
iDT1294Photo,RPE_RS23745,RPE
iDT1294Photo,RPE_RS23760,RPE
iDT1294Photo,RPE_RS23775,RPE
iDT1294Photo,RPE_RS23825,RPE
iDT1294Photo,RPE_RS23860,RPE
iDT1294Photo,RPE_RS23865,RPE
iDT1294Photo,RPE_RS23870,RPE
iDT1294Photo,RPE_RS23875,RPE
iDT1294Photo,RPE_RS23880,RPE
iDT1294Photo,RPE_RS23905,RPE
iDT1294Photo,RPE_RS23915,RPE
iDT1294Photo,RPE_RS23920,RPE
iDT1294Photo,RPE_RS23985,RPE
iDT1294Photo,RPE_RS23995,RPE
iDT1294Photo,RPE_RS24020,RPE
iDT1294Photo,RPE_RS24060,RPE
iDT1294Photo,RPE_RS24065,RPE
iDT1294Photo,RPE_RS24095,RPE
iDT1294Photo,RPE_RS24110,RPE
iDT1294Photo,RPE_RS24125,RPE
iDT1294Photo,RPE_RS24140,RPE
iDT1294Photo,RPE_RS24165,RPE
iDT1294Photo,RPE_RS24175,RPE
iDT1294Photo,RPE_RS24180,RPE
iDT1294Photo,RPE_RS24190,RPE
iDT1294Photo,RPE_RS24215,RPE
iDT1294Photo,RPE_RS24230,RPE
iDT1294Photo,RPE_RS24310,RPE
iDT1294Photo,RPE_RS24375,RPE
iDT1294Photo,RPE_RS24405,RPE
iDT1294Photo,RPE_RS24410,RPE
iDT1294Photo,RPE_RS24430,RPE
iDT1294Photo,RPE_RS24435,RPE
iDT1294Photo,RPE_RS24440,RPE
iDT1294Photo,RPE_RS24445,RPE
iDT1294Photo,RPE_RS24465,RPE
iDT1294Photo,RPE_RS24520,RPE
iDT1294Photo,RPE_RS24525,RPE
iDT1294Photo,RPE_RS24545,RPE
iDT1294Photo,RPE_RS24630,RPE
iDT1294Photo,RPE_RS24645,RPE
iDT1294Photo,RPE_RS24690,RPE
iDT1294Photo,RPE_RS24735,RPE
iDT1294Photo,RPE_RS24765,RPE
iDT1294Photo,RPE_RS24795,RPE
iDT1294Photo,RPE_RS24810,RPE
iDT1294Photo,RPE_RS24890,RPE
iDT1294Photo,RPE_RS24995,RPE
iDT1294Photo,RPE_RS25100,RPE
iDT1294Photo,RPE_RS25145,RPE
iDT1294Photo,RPE_RS25155,RPE
iDT1294Photo,RPE_RS25295,RPE
updated_consensus,RPE_RS01610,RPE
updated_consensus,RPE_RS01670,RPE
updated_consensus,RPE_RS01675,RPE
updated_consensus,RPE_RS02770,RPE
updated_consensus,RPE_RS02895,RPE
updated_consensus,RPE_RS02905,RPE
updated_consensus,RPE_RS02965,RPE
updated_consensus,RPE_RS03100,RPE
updated_consensus,RPE_RS03105,RPE
updated_consensus,RPE_RS03115,RPE
updated_consensus,RPE_RS03170,RPE
updated_consensus,RPE_RS03835,RPE
updated_consensus,RPE_RS03850,RPE
updated_consensus,RPE_RS04050,RPE
updated_consensus,RPE_RS04440,RPE
updated_consensus,RPE_RS04505,RPE
updated_consensus,RPE_RS04965,RPE
updated_consensus,RPE_RS05015,RPE
updated_consensus,RPE_RS05030,RPE
updated_consensus,RPE_RS05035,RPE
updated_consensus,RPE_RS05180,RPE
updated_consensus,RPE_RS05810,RPE
updated_consensus,RPE_RS06055,RPE
updated_consensus,RPE_RS06345,RPE
updated_consensus,RPE_RS06360,RPE
updated_consensus,RPE_RS06370,RPE
updated_consensus,RPE_RS06375,RPE
updated_consensus,RPE_RS06380,RPE
updated_consensus,RPE_RS06400,RPE
updated_consensus,RPE_RS06430,RPE
updated_consensus,RPE_RS06655,RPE
updated_consensus,RPE_RS06705,RPE
updated_consensus,RPE_RS06710,RPE
updated_consensus,RPE_RS06715,RPE
updated_consensus,RPE_RS06720,RPE
updated_consensus,RPE_RS06815,RPE
updated_consensus,RPE_RS06820,RPE
updated_consensus,RPE_RS07280,RPE
updated_consensus,RPE_RS07645,RPE
updated_consensus,RPE_RS08020,RPE
updated_consensus,RPE_RS08025,RPE
updated_consensus,RPE_RS08175,RPE
updated_consensus,RPE_RS08605,RPE
updated_consensus,RPE_RS08610,RPE
updated_consensus,RPE_RS08615,RPE
updated_consensus,RPE_RS08620,RPE
updated_consensus,RPE_RS08625,RPE
updated_consensus,RPE_RS08630,RPE
updated_consensus,RPE_RS08635,RPE
updated_consensus,RPE_RS08640,RPE
updated_consensus,RPE_RS08645,RPE
updated_consensus,RPE_RS08650,RPE
updated_consensus,RPE_RS08655,RPE
updated_consensus,RPE_RS08660,RPE
updated_consensus,RPE_RS08665,RPE
updated_consensus,RPE_RS08840,RPE
updated_consensus,RPE_RS08845,RPE
updated_consensus,RPE_RS08850,RPE
updated_consensus,RPE_RS08860,RPE
updated_consensus,RPE_RS08890,RPE
updated_consensus,RPE_RS09090,RPE
updated_consensus,RPE_RS09100,RPE
updated_consensus,RPE_RS10280,RPE
updated_consensus,RPE_RS10455,RPE
updated_consensus,RPE_RS10605,RPE
updated_consensus,RPE_RS10775,RPE
updated_consensus,RPE_RS10905,RPE
updated_consensus,RPE_RS10920,RPE
updated_consensus,RPE_RS10975,RPE
updated_consensus,RPE_RS11060,RPE
updated_consensus,RPE_RS11180,RPE
updated_consensus,RPE_RS11190,RPE
updated_consensus,RPE_RS11195,RPE
updated_consensus,RPE_RS11240,RPE
updated_consensus,RPE_RS11935,RPE
updated_consensus,RPE_RS12030,RPE
updated_consensus,RPE_RS12980,RPE
updated_consensus,RPE_RS13050,RPE
updated_consensus,RPE_RS14255,RPE
updated_consensus,RPE_RS14260,RPE
updated_consensus,RPE_RS14265,RPE
updated_consensus,RPE_RS14270,RPE
updated_consensus,RPE_RS14350,RPE
updated_consensus,RPE_RS14880,RPE
updated_consensus,RPE_RS14885,RPE
updated_consensus,RPE_RS14890,RPE
updated_consensus,RPE_RS14895,RPE
updated_consensus,RPE_RS14900,RPE
updated_consensus,RPE_RS14910,RPE
updated_consensus,RPE_RS15240,RPE
updated_consensus,RPE_RS15275,RPE
updated_consensus,RPE_RS15295,RPE
updated_consensus,RPE_RS15510,RPE
updated_consensus,RPE_RS15525,RPE
updated_consensus,RPE_RS15565,RPE
updated_consensus,RPE_RS15570,RPE
updated_consensus,RPE_RS15620,RPE
updated_consensus,RPE_RS15625,RPE
updated_consensus,RPE_RS15630,RPE
updated_consensus,RPE_RS15635,RPE
updated_consensus,RPE_RS15775,RPE
updated_consensus,RPE_RS15780,RPE
updated_consensus,RPE_RS15785,RPE
updated_consensus,RPE_RS15855,RPE
updated_consensus,RPE_RS15895,RPE
updated_consensus,RPE_RS15935,RPE
updated_consensus,RPE_RS15945,RPE
updated_consensus,RPE_RS15950,RPE
updated_consensus,RPE_RS15955,RPE
updated_consensus,RPE_RS15960,RPE
updated_consensus,RPE_RS15975,RPE
updated_consensus,RPE_RS15980,RPE
updated_consensus,RPE_RS15985,RPE
updated_consensus,RPE_RS15995,RPE
updated_consensus,RPE_RS16000,RPE
updated_consensus,RPE_RS16005,RPE
updated_consensus,RPE_RS16010,RPE
updated_consensus,RPE_RS16015,RPE
updated_consensus,RPE_RS16045,RPE
updated_consensus,RPE_RS16050,RPE
updated_consensus,RPE_RS16055,RPE
updated_consensus,RPE_RS16100,RPE
updated_consensus,RPE_RS16105,RPE
updated_consensus,RPE_RS16110,RPE
updated_consensus,RPE_RS16160,RPE
updated_consensus,RPE_RS16455,RPE
updated_consensus,RPE_RS17180,RPE
updated_consensus,RPE_RS17185,RPE
updated_consensus,RPE_RS17190,RPE
updated_consensus,RPE_RS17230,RPE
updated_consensus,RPE_RS17240,RPE
updated_consensus,RPE_RS17300,RPE
updated_consensus,RPE_RS17505,RPE
updated_consensus,RPE_RS17545,RPE
updated_consensus,RPE_RS17585,RPE
updated_consensus,RPE_RS18150,RPE
updated_consensus,RPE_RS18230,RPE
updated_consensus,RPE_RS18365,RPE
updated_consensus,RPE_RS18485,RPE
updated_consensus,RPE_RS18585,RPE
updated_consensus,RPE_RS18595,RPE
updated_consensus,RPE_RS18620,RPE
updated_consensus,RPE_RS18680,RPE
updated_consensus,RPE_RS18805,RPE
updated_consensus,RPE_RS19060,RPE
updated_consensus,RPE_RS19155,RPE
updated_consensus,RPE_RS19235,RPE
updated_consensus,RPE_RS19240,RPE
updated_consensus,RPE_RS19285,RPE
updated_consensus,RPE_RS19310,RPE
updated_consensus,RPE_RS19315,RPE
updated_consensus,RPE_RS19335,RPE
updated_consensus,RPE_RS19340,RPE
updated_consensus,RPE_RS19390,RPE
updated_consensus,RPE_RS19395,RPE
updated_consensus,RPE_RS19410,RPE
updated_consensus,RPE_RS19415,RPE
updated_consensus,RPE_RS19420,RPE
updated_consensus,RPE_RS19425,RPE
updated_consensus,RPE_RS19440,RPE
updated_consensus,RPE_RS19460,RPE
updated_consensus,RPE_RS20465,RPE
updated_consensus,RPE_RS20710,RPE
updated_consensus,RPE_RS21070,RPE
updated_consensus,RPE_RS21085,RPE
updated_consensus,RPE_RS21155,RPE
updated_consensus,RPE_RS21225,RPE
updated_consensus,RPE_RS21250,RPE
updated_consensus,RPE_RS21280,RPE
updated_consensus,RPE_RS21340,RPE
updated_consensus,RPE_RS21355,RPE
updated_consensus,RPE_RS21415,RPE
updated_consensus,RPE_RS22200,RPE
updated_consensus,RPE_RS22310,RPE
updated_consensus,RPE_RS22440,RPE
updated_consensus,RPE_RS22510,RPE
updated_consensus,RPE_RS22585,RPE
updated_consensus,RPE_RS22685,RPE
updated_consensus,RPE_RS23070,RPE
updated_consensus,RPE_RS23225,RPE
updated_consensus,RPE_RS23265,RPE
updated_consensus,RPE_RS23395,RPE
updated_consensus,RPE_RS23735,RPE
updated_consensus,RPE_RS23740,RPE
updated_consensus,RPE_RS23760,RPE
updated_consensus,RPE_RS23860,RPE
updated_consensus,RPE_RS24065,RPE
updated_consensus,RPE_RS24645,RPE
updated_consensus,RPE_RS24735,RPE
updated_consensus,RPE_RS24995,RPE
updated_consensus,RPE_RS25155,RPE
updated_consensus,RPE_RS25295,RPE
