reaction_id,fluxes,reduced_costs
QULNS,6.966812160014739e-05,0.0
ORNDC,3.4546176000000006e-05,0.0
MSBENZMT,0.0,0.0
DESAT18a,0.0,0.0
FUM,0.06799928596022678,0.0
PHYFXOR,0.0,0.0
VPAMTr,0.04777289040109698,0.0
NDPK7,0.0,-0.0
GTPCI,0.002507502249799457,0.0
GCATENEC,0.0,0.0
ORNTA,0.034159681317193616,0.0
UPPDC1,0.0033217086335999998,0.0
GARFT,0.0,0.0
H4THDPR,0.0,0.0
UDPG4E,0.0,0.0
GLCS3,0.11507903231999997,0.0
ASPTA,-0.5174476579904879,-0.0
PRAGSr,0.031804695851462984,0.0
KAS14,0.0,0.0
UDCPDPS,3.0707711999822593e-06,0.0
GLNS,0.0,0.0
SHKK,0.04981856451844927,0.0
G1PACT,0.08397910886399995,0.0
5DOAN,1.4074368000000001e-05,0.0
OHPBAT,0.0,-0.0
Htex,0.0,0.0
3HAD60,7.0371840000000006e-06,0.0
PGI,-0.13857506261759991,-0.0
PNTK,0.0008870189065199976,0.0
3OAR60,7.0371840000000006e-06,0.0
ACGK,0.03419422749319362,0.0
LEUabcpp,0.0,0.0
DTMPK,1.0051028157975115e-05,0.0
NDH_1_1_um_copy1,0.0,0.0
HSTPT,0.0,0.0
U23GAAT2,0.0,0.0
PGK,6.025564859603248,0.0
IMPD,0.007571965516044728,0.0
LPOR,0.0,0.0
CHRPL,0.0020121804577994382,0.0
GCALDDy,0.002034091689799457,0.0
RNDR1,0.0,0.0
AIRC2,0.0,0.0
MTAP,2.3542579200000003e-05,0.0
DHORD3um,0.01776666414061339,0.0
TRPS1,0.0,0.0
NNATr,6.96681216001474e-05,0.0
3OAR120,0.0,0.0
HISTDb,0.0,0.0
ADCL,0.0020272784161994573,0.0
CYTK1,0.0773917410063953,0.0
Cobalt2abcppI,0.0,0.0
THRS,0.35794659431524867,0.0
AOXPBDC,0.0,0.0
NAMNPP,1.3754496000000001e-06,0.0
PERD,0.0,0.0
DAPDC,0.022792330421428093,0.0
COCHL_1,0.0,0.0
3OAR100,7.8495407007329955e-22,0.0
ZNabcpp,1.9776972881216489e-07,0.0
GLYDHDA,0.0,0.0
ANS,0.0,0.0
SUCBZL,0.0,0.0
ADPT,3.761694720000001e-05,0.0
RNDR3,0.0,0.0
DHNANT,5.4058368e-06,0.0
GND,0.0,0.0
O2tcx,0.0,0.0
TRPS3,0.008223066513480738,0.0
DNTPPA,0.0,0.0
HOXGfx,0.0,0.0
TMPPP_1,6.813273600000001e-06,0.0
ACONT,0.13935444850898854,0.0
IGPS,0.008223066513480738,0.0
HBZNPT,0.0,0.0
HSDy,0.0,-0.0
GLYOX,0.0,0.0
AICART,0.04466067568972847,0.0
SQD1,0.0,0.0
GK1,0.00757334096564486,0.0
PPND,0.013973077074913859,0.0
IPDPS_syn,0.0,0.0
H4THDPS,0.0,0.0
BIOMASS_PIGMENTS,0.005295359999999999,0.0
3HAD160,0.0,0.0
HISTDa,0.0,0.0
ADSL1r,0.03708871017368372,0.0
H2Otu_syn,0.0,0.0
GLCP2_1,0.0,0.0
MAN1PT,0.0,0.0
DMBZIDS2,1.3754496000000001e-06,0.0
CS,0.13935444850898857,0.0
DMATT,0.017335786780999417,0.0
PSP_L,0.0,0.0
NDPK3,-0.3327249153241643,-0.0
G3PD2,4.028570218694339,0.0
PHYTES,0.0060028200959999995,0.0
MOHMT,0.0008870189065199956,0.0
FBA,-2.1504359555615946,-0.0
BIOMASS__1,0.2688,2.0
ACLSa,0.0,0.0
ASAD,-0.43980965324460747,-0.0
PSCVT,0.04981856451844928,0.0
TYRTA,-0.013973077074913859,-0.0
DHFS,0.0020272784161994573,0.0
AMPMS3,0.0,-0.0
ACBIPGT,1.3754496e-06,0.0
ATPM,0.0,0.0
SEPHCHCS,0.0,0.0
NMNDA,0.0,0.0
IGPDH,0.012862793111865483,0.0
OMPDC,0.007794724966213372,0.0
3OAR80,7.0371840000000006e-06,0.0
3OAR180,0.0,0.0
GLUSfx,0.0,0.0
NADS2,0.0,0.0
UAMAGS,0.04198955443199998,0.0
FOLD3,0.0,0.0
3HAD100,7.849540700732995e-22,0.0
GALUi,0.00048022383360000017,0.0
P5CR,0.0,0.0
PQH2tum,0.0,0.0
ICHORS,0.0,0.0
3OAS140,0.0,0.0
SBP,1.8780645950111452,0.0
EAR60y,0.0,0.0
O2tu,0.0,0.0
SULabcpp,0.0,0.0
PPK,-0.6311946905794903,-0.0
BIOMASS_DNA,0.00196224,0.0
UAPGR,0.041989554431999976,0.0
DHAD1,0.11427362849807082,0.0
IPPS,0.06561371919045385,0.0
PPBNGS,0.0133195894272,0.0
PHYTES2_1,0.0060028200959999995,0.0
3HAD80,7.0371840000000006e-06,0.0
LTHRK,1.3754496000000001e-06,0.0
ADCPS2,1.3754496000000001e-06,0.0
GF6PTA,0.08397910886399995,0.0
O2tpp,0.1,0.0
PGMT,-0.13857506261759991,-0.0
3OAR140,0.0,0.0
NDPK2,0.0,0.0
LPADSS2,0.0,0.0
DPR,0.0008870189065199901,0.0
H2Otex,-8.874666919988538,-0.0
TKT2,-1.9278817840799942,-0.0
SK_for_c,0.0,0.0
PPNCL2,0.0,0.0
CYTBD4cm,0.0,0.0
HPYRRy,4.028570218694338,0.0
CHORS,0.04981856451844928,0.0
3OAR160,0.0,0.0
ADMDC,2.3542579200000003e-05,0.0
PPPGO2_1,0.0033217086335999993,0.0
ASP1DC,0.0008870189065199969,0.0
MI3PP,0.0,0.0
FTHFD,0.0,0.0
MEPCT,0.07739174100639527,0.0
PDX5POi,0.0,0.0
PPCDC,0.0008870189065200012,0.0
NTD6,0.0,-0.0
NNDMBRT,1.3754496000000001e-06,0.0
PRAIS,0.03180469585146299,0.0
ORNTAC,0.03419422749319361,0.0
SUCBZS,0.0,0.0
HGYDAS,0.0,0.0
GGDPR,5.4058368000000005e-06,0.0
ASPCT,0.007794724966213372,0.0
PPNDH,0.02358296205605579,0.0
ME2,0.0,0.0
APRAUR,1.3018790399999323e-05,0.0
SADT,0.027841012137079374,0.0
LDH_D,0.0,0.0
DPCOAK,0.0008870189065200006,0.0
O2tex,0.1,0.0
DPOR,0.0,0.0
ARGSL,0.0,0.0
HSK,0.35794659431524867,0.0
EAR120y,0.0,0.0
BCAROHX2,0.0,0.0
HPPK,0.0,-0.0
PPNCL3,0.0008870189065199976,0.0
AHCi,0.01120498115946367,0.0
G6PDH2r,0.0,0.0
PMANM,0.0,-0.0
CPPPGO2,0.0,0.0
PC17M_1,0.0,0.0
ACCOAC,9.621703999101632e-05,0.0
CYOOum,0.09567215315670029,0.0
ACLSb,0.0,0.0
METS_1,0.0,0.0
TRPS2,0.0,0.0
PRUK,5.623183958376062,0.0
GART,0.03180469585146299,0.0
G5SADs,0.034159681317193616,0.0
DMTPHT,5.4058368e-06,0.0
SPMDabcpp,0.0,0.0
DHAD2,0.03440512123732972,0.0
PRAMPC,0.012862793111865485,0.0
3OAS80,7.0371840000000006e-06,0.0
BIOMASS_CELL_WALL,0.0213696,0.0
UHGADA2,0.0,0.0
ASPO6,0.0,0.0
ASPK,0.4398096532446076,0.0
DXPS,0.07739855427999527,0.0
PRATPP,0.012862793111865485,0.0
NH4tpp,0.0,0.0
PAPSR,0.027841012137079367,0.0
NAD_H2,0.0,0.0
CYRDAAT,1.3754496e-06,0.0
NTPP8,0.0,0.0
PC11M,1.3754496e-06,0.0
ARGabcpp,0.0,0.0
PMDPHT,1.3018790399999323e-05,0.0
DAPE,0.06478188485342809,0.0
LYCOPC,0.0,0.0
RB15BPtcx,0.0,0.0
GLCBRAN3,0.0,0.0
DB4PS,2.6037580799998646e-05,0.0
DXPRIi,0.07739174100639527,0.0
GTPCII,0.0,0.0
RBFSa,2.6037580799998646e-05,0.0
GLUTRS,0.02663917885440001,0.0
ALDD2y,0.28904915533783343,0.0
EHGLAT,0.0,0.0
METAT,0.01327440789032678,0.0
DHORTS,-0.007794724966213402,-0.0
PDX5PS2,0.0,0.0
GAPDi_nadp,6.025564859603247,0.0
PGCD,3.9879927881181962,0.0
AIRC3,0.0,0.0
UMPK,0.04978427939821337,0.0
CBPS,0.007794724966213372,0.0
3HAD180,0.0,0.0
RBFSb_1,1.3018790399999321e-05,0.0
GLNabcpp,0.0,0.0
NDPK8,1.0246886833699222e-05,0.0
PC6YM_1,0.0,0.0
DDPA,0.04981856451844927,0.0
ACOTA,-0.03419422749319361,-0.0
FBP,2.150435955561594,0.0
MNabc_1,0.0,0.0
NTD7,0.0,0.0
MPOMMM,0.0,0.0
MTHFD,0.0,-0.0
PANTS,0.0008870189065199976,0.0
TMPK,6.8132736000000004e-06,0.0
KARI_23dhmp_1,0.0,0.0
IPMD,0.06561371919045385,0.0
3PGtcx,0.0,0.0
CDPMEK,0.07739174100639529,0.0
DVOCHR_1,0.0,0.0
HEMEOS,0.0,-0.0
RPE,-3.80594637909114,-0.0
MPOMT_1,0.0,0.0
UAMAS,0.04198955443199998,0.0
BPNT2,0.0,0.0
BIOMASS_COFACTORS,0.000319872,0.0
HSERTA,0.017081174075930742,0.0
NDPK1,2.5235022385259196,0.0
PGL,0.0,0.0
EAR160y,0.0,0.0
MECDPDHf,0.07739174100639529,0.0
MTHFR3_1,0.0,0.0
3HAD140,0.0,0.0
FBA3,-1.8780645950111452,-0.0
LDAPAT,-0.06478188485342809,-0.0
HCO3E_1_cx,-0.5966937625454539,0.0
ACODA,0.0,0.0
GLU5K,0.0,0.0
EAR100y,0.0,0.0
PGM,-1.2328102690306801,0.0
ASPOb,0.0,0.0
DM_h2_c,0.0,-0.0
ACS,0.0,0.0
AMPTASECG,0.0,0.0
SHCHCS3,0.0,0.0
ATPPRT,0.012862793111865483,0.0
NDH_1_4_um_copy1,0.0,0.0
UAGCVT,0.041989554431999976,0.0
ADSL2r,0.031797882577862986,0.0
PRASCSi,0.031797882577862986,0.0
MG2tex,0.0,0.0
HPROb,0.0,0.0
NDPK6,-1.0051028157975115e-05,-0.0
GLUPRT,0.031804695851462984,0.0
PTRCabcpp,0.0,0.0
UPP3MT,1.3754496e-06,0.0
DHNCOAS,5.405836799998625e-06,0.0
PMPK,6.8132736000000004e-06,0.0
HMBS,0.0033298973568,0.0
PGLYCP,0.0,0.0
UAGAAT2,0.0,0.0
HTHRPDH,0.0,0.0
BCT1_syn,0.0,0.0
IPDDI,0.017335786780999417,0.0
CITMS,0.0,0.0
IMPC,-0.04466067568972847,-0.0
Htcx,0.0,0.0
DHQTi,0.049818564518449265,0.0
SPODM,0.0,0.0
3OAS120,0.0,0.0
PGAMT,-0.08397910886399997,0.0
PSERT,0.0,0.0
HISTP,0.01286279311186548,0.0
NNDPR,6.966812160014739e-05,0.0
ADSK,0.027841012137079377,0.0
MECDPS,0.07739174100639529,0.0
CUabcpp,8.112180987426486e-09,0.0
ADCYRS,1.3754496000000001e-06,0.0
RBPCcx,0.0,0.0
3HAD40_2,0.0,0.0
EAR180y,0.0,0.0
GTHRDH_syn,0.0,0.0
PRAIi,0.00822306651348074,0.0
PTPATi,0.0008870189065200004,0.0
PC6AR_1,0.0,0.0
Kabcpp,0.0,0.0
ENO,1.2328102690306801,0.0
PRFGS,0.031804695851462984,0.0
PC8XM,1.3754496e-06,0.0
3OAS60,7.0371840000000006e-06,0.0
GMPS2,-1.03538548880378,-0.0
RBFK,8.22071039999932e-06,0.0
ARGSS,0.0,0.0
SPTc,-0.0769223783859929,-0.0
H2Otpp,-8.874666919988538,-0.0
GTHOr,2.9079788241809383e-05,0.0
SHK3Dr,0.04981856451844927,0.0
CYRDAR,6.877248e-07,0.0
ORPT,-0.007794724966213372,-0.0
GRTT,0.017335786780999417,0.0
BIOMASS_MEM_LIPIDS,0.0,0.0
PRPPS,0.060793940961422724,0.0
KARA1,-0.11427362849807081,-0.0
FCLT,6.8132736000000004e-06,0.0
PPA,0.0,0.0
DHQS,0.049818564518449265,0.0
ANPRT,0.008223066513480742,0.0
ADK1,0.0,0.0
NDPK5,1.883290140811016e-05,0.0
DHNPA_1,0.0020272784161994573,0.0
NDPK4,0.0,0.0
RNDR4,0.0,0.0
NADK,1.3658534399300441e-05,0.0
3OAR40_2,0.0,-0.0
TKT1,-1.8780645950111452,-0.0
NO3abcpp,0.0,0.0
FE3abcpp,0.010257508036764956,0.0
MOBDabcpp,5.883461737742938e-09,0.0
NPHBDC,0.0,0.0
NPDPS,0.0,0.0
NI2uabcpp,0.0,0.0
HCO3tcx,0.0,0.0
RNDR2,0.0,0.0
KARI_1,0.0,0.0
EAR40y,0.0,0.0
NADTRHD,0.0,0.0
DHNCOAT,5.405836799998626e-06,0.0
BIOMASS_PROTEIN,0.13741055999999996,0.0
3OAS100,7.849540700732995e-22,0.0
GLUTRR,0.026639178854400005,0.0
G1SAT,0.0266391788544,0.0
ILETA,-0.03440512123732973,-0.0
UAAGDS,0.04198955443199999,0.0
ATPSum,9.554130886863739,0.0
CHPHYS,0.0,0.0
BCAROHX,0.0,0.0
GLYCLTDx,-0.002034091689799457,-0.0
PIuabcpp,0.0,0.0
PC20M,1.3754496e-06,0.0
ADSS,0.03708871017368371,0.0
BIOMASS_RNA,0.030535679999999992,0.0
DM_dialurate_c,1.3754496000000001e-06,0.0
ACGS,0.0,0.0
AFAT,0.0,0.0
EAR140y,0.0,0.0
FRTT,0.0153259413888,0.0
CTPS2,0.0,0.0
CO2tex,-6.505714607313014,-0.0
GTHS,0.0,0.0
UAGDP,0.08397910886399998,0.0
DADK,0.0,0.0
MPOMC1_1,0.0,0.0
3OAS180,0.0,0.0
EAR80y,0.0,0.0
ERTHMMOR,0.0,0.0
PDH,0.0,0.0
MPML,0.0033148953599999994,0.0
USHD2,0.0,0.0
TPI,0.0,0.0
DHPPDA,0.0,0.0
PRMICI,0.012862793111865483,0.0
CYTBD4um,0.0,0.0
DM_co_c,0.0,-0.0
CAT,0.0,0.0
GLUR,-0.11113519052159998,-0.0
ALAR,0.0,-0.0
NAt3pp,-3.1987200000000005e-08,-0.0
UGMDDS,0.04198955443199998,0.0
BIOMASS_CARB,0.02626176,0.0
ICDHyr,0.13935444850898857,0.0
MTRI,2.354257920000001e-05,0.0
SPMS,2.3542579200000006e-05,0.0
AHSERL2_1,0.0,0.0
PEPC,0.5888028205392496,0.0
PHETA1,-0.02358296205605579,-0.0
CHORM,0.03755603913096965,0.0
GAPD,0.0,0.0
PQH2tcm,0.0,0.0
CPPPGO,0.0033217086335999998,0.0
URIDK2r,-1.0051028157975118e-05,-0.0
OCBT,0.0,-0.0
GLGC,0.13809483878399995,0.0
PYK,0.0,0.0
3HAD120,0.0,0.0
2PGLYCtcx,0.0,0.0
MPOMOR_1,0.0,0.0
3OAS160,0.0,0.0
IG3PS,0.012862793111865485,0.0
DM_5drib_c,1.4074368e-05,0.0
RPI,1.8172636168657226,0.0
FMNRy_1,1.3754496e-06,0.0
ANS2,0.008223066513480742,0.0
GHMT2r,0.029196883704472397,0.0
CBFCum,0.01776666414061339,0.0
SK_amylose_c,-0.11507903231999997,0.0
SK_14glucan_c,0.0,0.0
SK_glycogen_c,0.0,0.0
EX_h2o_e,8.874666919988538,0.0
EX_o2_e,-0.1,-0.0
EX_co2_e,6.505714607313013,0.0
EX_leu__L_e,0.0,-0.0
EX_cobalt2_e,-1.3799110540371432e-06,0.0
EX_zn2_e,-1.9776972881216486e-07,0.0
EX_so4_e,-0.027880700393789343,0.0
EX_spmd_e,0.0,-0.0
EX_ca2_e,-3.1354815961361627e-06,0.0
EX_nh4_e,-1.133887591817975,0.0
EX_arg__L_e,0.0,-0.0
EX_gln__L_e,0.0,-0.0
EX_mn2_e,-4.732131419670871e-08,-0.0
EX_hco3_e,0.0,0.0
EX_mg2_e,-0.0033399230051209465,0.0
EX_ptrc_e,0.0,-0.0
EX_fe2_e,0.0,-0.0
EX_cu2_e,-8.112180987426486e-09,0.0
EX_k_e,-4.158336000000001e-07,0.0
EX_no3_e,0.0,0.0
EX_fe3_e,-0.010257508036764958,0.0
EX_mobd_e,-5.883461737742939e-09,0.0
EX_ni2_e,0.0,0.0
EX_na1_e,-3.198720000000001e-08,-0.0
EX_cynt_e,0.0,0.0
EX_h_e,-9.80234693179177,0.0
FE3tex,0.010257508036764956,0.0
FE2tex,0.0,0.0
NI2tex,0.0,0.0
MNtex,4.732131419670871e-08,0.0
COBALT2tex,1.379911054037143e-06,0.0
CU2tex,8.112180987426486e-09,0.0
Zn2tex,1.9776972881216486e-07,0.0
SPMDtex,0.0,0.0
LEUtex,0.0,0.0
HCO3tex,0.0,0.0
GLNtex,0.0,0.0
CYNTtex,0.0,0.0
ARGtex,0.0,0.0
MOBDtex,5.883461737742938e-09,0.0
NH4tex,0.0,0.0
SO4tex,0.0,0.0
PTRCtex,0.0,0.0
NO3tex,0.0,0.0
NAtex,3.1987200000000005e-08,0.0
CA2tex,3.135481596136163e-06,0.0
Ktex,0.0,0.0
CO2tpp,-6.505714607313014,-0.0
EX_pi_e,0.09802430992256868,0.0
PItex,0.0,-0.0
MDRPD,2.3542579200000006e-05,0.0
ENOPH,0.0,0.0
ARD,0.0,0.0
UNK3,2.35425792e-05,0.0
PHYPQOX,0.0,0.0
ZISO,0.0,0.0
ZCARDS,0.0,0.0
PLYCOI,0.0,0.0
TRNFE,0.005024507733582478,0.0
PTHPS,0.00048022383360000017,0.0
SPR,0.0004802238336000001,0.0
CYSDES,6.8132735999999776e-06,0.0
THISAT,6.813273600000002e-06,0.0
THII,6.813273600000001e-06,0.0
GLYCOX1,6.8132736000000004e-06,0.0
DXYTST,6.813273600000002e-06,0.0
THZT,6.813273600000002e-06,0.0
SHS1,6.8132736e-06,0.0
MALCOAMT,2.5035162663672096e-05,0.0
OGMEACPS,2.50351626636721e-05,0.0
OGMEACPR,2.50351626636721e-05,0.0
OGMEACPD,2.5035162663672096e-05,0.0
EGMEACPR,2.5035162663672096e-05,0.0
OPMEACPS,2.5035162663672093e-05,0.0
OPMEACPR,2.5035162663672096e-05,0.0
OPMEACPD,2.5035162663672103e-05,0.0
EPMEACPR,2.5035162663672103e-05,0.0
PMEACPE,2.50351626636721e-05,0.0
AOXSr2,2.50351626636721e-05,0.0
AMAOTr,2.50351626636721e-05,0.0
DBTS,2.50351626636721e-05,0.0
BTS6,0.0,0.0
BACCL,7.037184e-06,0.0
LIPOCT,7.037184e-06,0.0
LIPOS2,7.0371840000000006e-06,0.0
MEOHtrpp,-2.50351626636721e-05,-0.0
MEOHtex,-2.50351626636721e-05,-0.0
DM_amob_c,2.50351626636721e-05,0.0
ADNK1,0.01120498115946367,0.0
CDGS,0.0,0.0
CCGS,0.0,0.0
CDGR,0.0,0.0
SAMTRI,0.0,0.0
EPXQR,0.0,0.0
UDPGD,0.0,0.0
GMAND,0.0,0.0
GFUCS,0.0,0.0
NDH_1_1_um_copy2,0.0,0.0
NDH_1_4_um_copy2,0.0,0.0
KAS15,7.037184000000002e-06,0.0
AACPS6,0.0,0.0
ALDR18,0.0,0.0
ALDDC17,0.0,0.0
G3PAT160,0.0,0.0
G3PAT161,0.0,0.0
G3PAT1819Z_1,0.0,0.0
AGPAT160,0.0,0.0
AGPATACP_HDE_PALM,0.0,0.0
AGPAT161,0.0,0.0
AGPATACP_OLE_HDE,0.0,0.0
AGPATACP_OLE_PALM,0.0,0.0
PAPA160,0.0,0.0
PAPA_HDE_PALM,0.0,0.0
PAPA161,0.0,0.0
PAPA_OLE_HDE,0.0,0.0
PAPA_OLE_PALM,0.0,0.0
SQDGS_PALM_PALM,0.0,-0.0
SQDGS_HDE_PALM,0.0,0.0
DGDGS_HDE_PALM,0.0,0.0
DGDGS_HDE_HDE,0.0,0.0
DGDGS_OLE_HDE,0.0,0.0
CDPDAGS_OLE_PALM,0.0,0.0
PGPS_OLE_PALM,0.0,0.0
PGPP_OLE_PALM,0.0,0.0
GLUDGS_HDE_PALM,0.0,0.0
GLUDGE_HDE_PALM,0.0,0.0
GLUDGS_HDE_HDE,0.0,0.0
GLUDGE_HDE_HDE,0.0,0.0
GLUDGS_OLE_HDE,0.0,0.0
GLUDGE_OLE_HDE,0.0,0.0
GLUDGS_OLE_PALM,0.0,0.0
GLUDGE_OLE_PALM,0.0,0.0
DGDGS_OLE_PALM,0.0,0.0
H2Otcx,0.0,0.0
GLNTRS,0.0,0.0
TYRTRS,0.0,0.0
METTRS,0.0,0.0
SERTRS,0.0,0.0
GLYTRS,0.0,0.0
PROTRS,0.0,0.0
CYSTRS,0.0,0.0
ARGTRS,0.0,0.0
TRPTRS,0.0,0.0
PHETRS,0.0,0.0
HISTRS,0.0,0.0
ASNTRS,0.0,0.0
ASPTRS,0.0,0.0
THRTRS,0.0,0.0
LEUTRS,0.0,0.0
ILETRS,0.0,0.0
LYSTRS,0.0,0.0
ALATRS,0.0,0.0
VALTRS,0.0,0.0
FMETTRS,0.0,0.0
EX_photon410_e,0.0,0.0
EX_photon430_e,0.0,0.0
EX_photon450_e,0.0,0.0
EX_photon470_e,0.0,0.0
EX_photon490_e,0.0,0.0
EX_photon510_e,0.0,0.0
EX_photon530_e,0.0,0.0
EX_photon550_e,0.0,0.0
EX_photon570_e,0.0,0.0
EX_photon590_e,0.0,0.0
EX_photon610_e,0.0,0.0
EX_photon630_e,0.0,0.0
EX_photon650_e,0.0,0.0
EX_photon670_e,0.0,0.0
EX_photon690_e,0.0,0.0
ZXANHX,0.0,0.0
CXANHX,0.0,0.0
DM_pho_loss_c,0.0,0.0
A5PISO,0.0,-0.0
KDOPS,0.0,0.0
KDOCT2,0.0,0.0
MOAT_1,0.0,0.0
UAG2E,0.0,0.0
ACMAMT,0.0,0.0
ICLIPAS,0.0,0.0
ICLIPAabcpp,0.0,0.0
OANTIabcpp,0.0,0.0
OANTILpp,0.0,0.0
COLIPAabcex,0.0,0.0
MPTG,0.0189410090688,0.0
MPTG2,0.004107536294399999,0.0
MDDEP1pp,0.0,0.0
MDDEP2pp,0.0,0.0
MDDEP3pp,0.0,0.0
MDDEP4pp,0.0,0.0
MLTGY1pp,0.0,-0.0
MLTGY2pp,0.0,0.0
MLTGY3pp,0.0,0.0
MLTGY4pp,0.0,0.0
AGM4PH,0.0,0.0
AGMH,0.0,0.0
AGM3PH,0.0,0.0
UM4PL,0.0,0.0
ALAGLUE,0.0,0.0
UM3PL,0.0,0.0
AGM4Pt2pp,0.0,0.0
4PEPTabcpp,0.0,0.0
UAGPT3,0.041989554432,0.0
UDCPDP,0.04198955443199998,0.0
PAPPT3,0.04198955443199999,0.0
ALAALAabcpp,0.0,0.0
PCHLDA430,0.0,0.0
PCHLDA650,0.0,0.0
EX_meoh_e,2.50351626636721e-05,0.0
PFOR,0.0,0.0
NO2tabcpp,0.0,0.0
NO2tex,0.0,0.0
Htabcpp,0.0,0.0
FALDH2,0.0,0.0
GGCLUT2,0.0,0.0
OPAH,0.0,0.0
ANHMK,0.0,0.0
CLt3_1pp,0.0,0.0
CLtex,6.270963192272325e-06,0.0
EX_cl_e,-6.270963192272325e-06,0.0
Ktu,0.0,0.0
SK_fum_c,0.0,-0.0
DM_succ_c,0.0,0.0
SK_akg_c,0.0,0.0
DM_ac_c,0.0,-0.0
DM_lac__D_c,0.0,-0.0
ASPO5,6.96681216001474e-05,0.0
MNHNAtpp,0.0,0.0
PCXHtpp,0.0,0.0
3HAD121,8.423203222151088e-22,0.0
3HAD141,8.423203222151088e-22,0.0
3HAD161,0.0,0.0
3HAD181,0.0,0.0
3HAD40,7.0371840000000006e-06,0.0
3OAR121,8.423203222151088e-22,0.0
3OAR141,8.423203222151088e-22,0.0
3OAR161,0.0,0.0
3OAR181,0.0,0.0
3OAR40,7.037184000000001e-06,0.0
3OAS121,8.423203222151087e-22,0.0
3OAS141,8.423203222151087e-22,0.0
3OAS161,0.0,0.0
3OAS181,0.0,0.0
AACOAR_syn,0.0,0.0
ABTA,0.0,0.0
ABUTD,0.0,0.0
ACACT1r,0.0,0.0
ACHBS,0.03440512123732973,0.0
ACLS,0.11427362849807082,0.0
ACP1_FMN,0.0,0.0
ADCPS1,0.0,0.0
AGTi,-0.23296552623447228,-0.0
AIRCr,0.031797882577862986,0.0
ALAabcpp,0.0,0.0
ALCD19,4.028570218694339,0.0
ALCD2y,1.543534387027792,0.0
ALDD20x,0.0,0.0
ALDD2x,0.0,0.0
AMID,0.0,0.0
AMID2,0.0,0.0
AMID3,0.0,0.0
AOXSr,0.0,-0.0
ATPSu,0.0,0.0
BCAROKE,0.0,0.0
BTS4,0.0,0.0
CBFC2,0.0,0.0
CBFC2pp,0.0,0.0
CBFCpp,0.0,0.0
CBFCu,0.17357764217278718,0.0
COCHL,1.3754495999999997e-06,0.0
CTPS1,0.005048217629335862,0.0
CU2abcu_syn,0.0,0.0
CYSTA,0.0,-0.0
CYTBDpp_1,0.0,0.0
CYTBDu,0.0,0.0
DASYN160,0.0,0.0
DASYN161,0.0,0.0
DASYN180,0.0,0.0
DASYN181,0.0,0.0
DASYN181_9,0.0,0.0
DASYN182_9_12,0.0,0.0
DASYN183_6_9_12,0.0,0.0
DASYN183_9_12_15,0.0,0.0
DASYN184_6_9_12_15,0.0,0.0
DHDPS,0.0647818848534281,0.0
DHORDi,-0.009971939174399999,-0.0
DPPS,0.0,0.0
EAR121y,0.0,0.0
EAR141y,0.0,0.0
EAR161y,0.0,0.0
EAR181y,0.0,0.0
FBA2,0.0,-0.0
FMNAT,6.845260799999322e-06,0.0
FNOR,-0.16423739768643342,-0.0
FOMETRi,0.0,0.0
G3PAT180,0.0,0.0
G3PAT181,0.0,0.0
G3PAT181_9,0.0,0.0
G3PAT182_9_12,0.0,0.0
G3PAT183_6_9_12,0.0,0.0
G3PAT183_9_12_15,0.0,0.0
G3PAT184_6_9_12_15,0.0,0.0
G3PD,0.0,0.0
G3PD1ir,0.0,0.0
G6PBDH,0.0,0.0
GLBRAN2,0.0,0.0
GLCGLYCabcpp_syn,0.0,0.0
GLCP,0.0,0.0
GLCP2,0.0,-0.0
GLCS1,0.023015806463999998,0.0
GLMS_syn,0.0,0.0
GLNTRAT,0.0,0.0
GLUCYS,0.0,0.0
GLUSx,0.8650969018609758,0.0
GLUt2rpp,0.0,0.0
GLXCL,0.11749980896213587,0.0
GLYALDDr,-4.028570218694339,-0.0
GLYCL_2,0.0,0.0
GLYCTO1,0.0,0.0
GLYK,4.028570218694339,0.0
GLYabcpp,0.0,0.0
GMPS,1.0429574543198246,0.0
H2ASE_syn,0.0,0.0
HCO3E,0.0,-0.0
HIBDkt,0.0,0.0
HISabcpp,0.0,0.0
HOXG,0.0,0.0
HPROa,0.0,0.0
HPYRRx,0.0,0.0
HSDxi,0.3750277683911794,0.0
IMACTD,0.0,0.0
KARA2,0.03440512123732972,0.0
LALDO,0.0,0.0
LGTHL,0.0,-0.0
LYSDC,0.0,0.0
LYSabcpp,0.0,0.0
MDH,0.06799928596022677,0.0
MECDPDH_syn,0.0,0.0
METS,0.028286155235394413,0.0
MI1PP,0.0,0.0
MNt2pp,4.732131419670871e-08,0.0
MPOMC1,0.0,0.0
MPOMOR,0.0,0.0
MPOMT,0.0033148953599999994,0.0
MTHFD2i,0.0,0.0
NABTNO,0.0,0.0
NADH5,0.0,0.0
NDH1_1u,0.0,0.0
NDH1_2u,0.17357764217278718,0.0
NDH1_3u,0.0,0.0
NDH2_syn,0.0,0.0
NDPK10,0.0,-0.0
NDPK9,0.0,-0.0
NPHS,0.0,0.0
NTD4,0.0,0.0
NTPP4,0.0,0.0
OPHBDC,0.0020067746209994383,0.0
P5CD,0.0,0.0
P5CRx,0.04141286671865346,0.0
PC17M,1.3754496000000001e-06,0.0
PDHa,0.0,0.0
PDHbr,0.0,0.0
PDHcr,0.0,-0.0
PDX5PS,0.0,0.0
PGSA160,0.0,0.0
PGSA161,0.0,0.0
PGSA180,0.0,0.0
PGSA181,0.0,0.0
PGSA181_9,0.0,0.0
PGSA182_9_12,0.0,0.0
PGSA183_6_9_12,0.0,0.0
PGSA183_9_12_15,0.0,0.0
PGSA184_6_9_12_15,0.0,0.0
PHCD,0.0,0.0
PHYTES2,0.0,0.0
POR_1,0.0033148953599999994,0.0
POR_syn,0.0,0.0
PPC,0.0,0.0
PPNCL,0.0,0.0
PPPGO,0.0,0.0
PROD2,0.007253185401459848,0.0
PROabcpp,0.0,0.0
PUTA3,0.0,0.0
PYAM5PO,0.0,0.0
PYDXNO,0.0,0.0
PYDXO,0.0,0.0
PYK2,0.09225405766381337,0.0
PYK3,0.0,0.0
PYK4,0.4101166563305596,0.0
PYK5,0.0,0.0
RBCh,0.0,0.0
RBFSb,0.0,0.0
RBPC,5.623183958376062,0.0
SDPTA,0.0,0.0
SERD_L,0.0,0.0
SERabcpp,0.0,0.0
SPS,0.0,0.0
SPT_syn,0.0,0.0
SQD2_160,0.0,-0.0
SQD2_161,0.0,-0.0
SQD2_180,0.0,-0.0
SQD2_181,0.0,-0.0
SQD2_181_9,0.0,0.0
SQD2_182_9_12,0.0,0.0
SQD2_183_6_9_12,0.0,0.0
SQD2_183_9_12_15,0.0,0.0
SQD2_184_6_9_12_15,0.0,0.0
SSALy,0.0,0.0
SUCDi,0.0,0.0
SUCDpp_syn,0.0,0.0
SUCDu_syn,0.0,0.0
SUCRabcpp_syn,0.0,0.0
THFGLUS,0.0,-0.0
THRD_L,0.03440512123732973,0.0
THZPSN,0.0,0.0
THZSN_1,0.0,0.0
TRSARr,0.0,0.0
UAGAAT,0.0,-0.0
UDPDPS,0.0,0.0
UGLDDS2_1,0.0,0.0
UHGADA,0.0,0.0
UPPDC2,0.0,0.0
UREA,0.0,0.0
UREAabcpp,0.0,0.0
ZN2abcpp,0.0,0.0
EX_n2_e,0.0,0.0
RNF,-5.405836800000551e-06,-0.0
14GLUCANabcpp,0.0,0.0
23DOGULNt4pp,0.0,0.0
2DDARAA,0.0,0.0
2DGLCptspp,0.0,0.0
2DGULRGx,0.0,0.0
2DGULRGy,0.0,0.0
2DGULRx,0.0,0.0
2DGULRy,0.0,0.0
2DOXG6PP,0.0,0.0
2HESR,0.0,0.0
3AMACHYD,0.0,0.0
3HPADHi,0.0,0.0
3NTD2pp,0.0,0.0
3NTD4pp,0.0,0.0
3NTD7pp,0.0,0.0
3NTD9pp,0.0,0.0
3OXCOAT,0.0,0.0
3PEPTabcpp,0.0,0.0
4ABZGLUH,0.0,0.0
4HTHRA,0.0,0.0
4PCPpp,0.0,0.0
5DGLCNR,0.0,0.0
5DKGR,0.0,-0.0
AAMYLpp,0.0,-0.0
AB6PGH,0.0,0.0
ACACCT,0.0,0.0
ACACT2r,0.0,0.0
ACACT3r,0.0,0.0
ACACT4r,0.0,0.0
ACACT5r,0.0,0.0
ACACT6r,0.0,0.0
ACACT7r,0.0,-0.0
ACACT8r,0.0,0.0
ACCOAL,0.0,0.0
ACGAptspp,0.0,0.0
ACMANAptspp,0.0,0.0
ACMUMptspp,0.0,0.0
ACNML,0.0,0.0
ACOAD1fr,0.0,0.0
ACOLIPAabctex,0.0,0.0
ACONMT,0.0,0.0
ACONTa,0.0,0.0
ACONTb,0.0,0.0
ACOXT,0.0,0.0
ACP1p,0.0,0.0
ACPPAT120,0.0,0.0
ACPPAT140,0.0,0.0
ACPPAT141,0.0,0.0
ACPPAT160,0.0,0.0
ACPPAT161,0.0,0.0
ACPPAT180,0.0,0.0
ACPPAT181,0.0,0.0
ACPS1,0.0,0.0
ACt2rpp,0.0,0.0
ADK3,0.0,0.0
ADK4,0.0,-0.0
ADOCBIK,0.0,0.0
ADOCBLabcpp,0.0,0.0
AGM3PA,0.0,0.0
AGM3PApp,0.0,0.0
AGM3Pt2pp,0.0,0.0
AGM4PA,0.0,-0.0
AGM4PApp,0.0,0.0
AGM4PCPpp,0.0,0.0
AGMHE,0.0,0.0
AGMt2pp,0.0,0.0
AGPR,-0.03419422749319361,-0.0
AHGDx,0.0,0.0
AI2abcpp,0.0,0.0
AKGDH,0.0,0.0
AKGt2rpp,0.0,0.0
ALATA_D2,0.0,0.0
ALATA_L,0.07612848700734742,0.0
ALATA_L2,0.0,0.0
ALCD2x,-1.5435343870277922,-0.0
ALDD19xr,0.0,0.0
ALKP,0.0,0.0
ALLPI,0.0,0.0
ALLTN,0.0,0.0
ALLULPE,0.0,0.0
ALLabcpp,0.0,0.0
ALPATE160pp,0.0,0.0
ALPATG160pp,0.0,0.0
ALR2,0.0,0.0
ALR2x,0.0,0.0
AM3PA,0.0,0.0
AM4PA,0.0,0.0
AMMQLT8,0.0,0.0
AMPMS2,0.0,0.0
AMPTASEPG,0.0,0.0
APG3PAT120,0.0,0.0
APG3PAT140,0.0,0.0
APG3PAT141,0.0,0.0
APG3PAT160,0.0,0.0
APG3PAT161,0.0,0.0
APG3PAT180,0.0,0.0
APG3PAT181,0.0,0.0
ARBTNabcpp,0.0,0.0
ARBTptspp,0.0,0.0
ARBabcpp,0.0,0.0
ARHGDx,0.0,0.0
ARMEPNS,0.0,0.0
ASCBptspp,0.0,0.0
ASPO3,0.0,0.0
ASPO4,0.0,0.0
ASPabcpp,0.0,0.0
ASR,0.0,0.0
ATHRDHr,0.0,0.0
BETALDHx,0.0,0.0
BETALDHy,0.0,-0.0
BGLA1,0.0,0.0
BMOCOS,0.0,0.0
BMOGDS1,0.0,0.0
BMOGDS2,0.0,0.0
BTS5,0.0,0.0
BUTCT,0.0,0.0
BUTSO3abcpp,0.0,0.0
BWCOGDS1,0.0,0.0
BWCOGDS2,0.0,0.0
BWCOS,0.0,0.0
CBIAT,0.0,0.0
CBIuabcpp,0.0,0.0
CBL1abcpp,0.0,0.0
CBLAT,0.0,0.0
CD2abcpp,0.0,0.0
CD2t3pp,0.0,0.0
CDGUNPD,0.0,0.0
CELBpts,0.0,0.0
CFAS160E,0.0,0.0
CFAS160G,0.0,0.0
CFAS180E,0.0,0.0
CFAS180G,0.0,0.0
CGLYabcpp,0.0,0.0
CHLabcpp,0.0,0.0
CHLt3pp,0.0,0.0
CHOLID,0.0,0.0
CHTBSptspp,0.0,0.0
CINNDO,0.0,0.0
CLIPAabctex,0.0,0.0
COBALT2t3pp,0.0,0.0
COBALT2tpp,1.3799110540371432e-06,0.0
COLIPAPabctex,0.0,0.0
COLIPAabcpp,0.0,0.0
COLIPAabctex,0.0,0.0
CPGNabcpp,0.0,0.0
CPH4S,0.0,0.0
CPL,0.0,0.0
CPMPS,0.0,0.0
CRNCAL2,0.0,0.0
CRNCAR,0.0,0.0
CRNCDH,0.0,-0.0
CRNDCAL2,0.0,0.0
CRNDabcpp,0.0,0.0
CRNDt2rpp,0.0,0.0
CRNabcpp,0.0,0.0
CRNt2rpp,0.0,0.0
CTBTCAL2,0.0,0.0
CTBTabcpp,0.0,0.0
CTBTt2rpp,0.0,0.0
CTECOAI6,0.0,0.0
CTECOAI7,0.0,0.0
CTECOAI8,0.0,0.0
CU1abcpp,0.0,0.0
CU2abcpp,0.0,0.0
CURR,0.0,0.0
CUt2pp,0.0,0.0
CYANST,0.0,0.0
CYSDS,0.0,0.0
CYSSADS,0.0,0.0
CYSTL,0.0,0.0
CYSabc2pp,0.0,0.0
CYSabcpp,0.0,0.0
CYTBD2pp,0.0,0.0
CYTBDpp,0.0,0.0
CYTK2,0.0,0.0
DAGK120,0.0,0.0
DAGK140,0.0,0.0
DAGK141,0.0,0.0
DAGK160,0.0,0.0
DAGK161,0.0,0.0
DAGK180,0.0,0.0
DAGK181,0.0,0.0
DASYN120,0.0,0.0
DASYN140,0.0,0.0
DASYN141,0.0,0.0
DGK1,0.0,0.0
DGUNC,0.0,0.0
DHACOAH,0.0,0.0
DHAPT,0.0,0.0
DHBD,0.0,0.0
DHBS,0.0,0.0
DHBSZ3FEabcpp,0.0,0.0
DHCIND,0.0,0.0
DHCINDO,0.0,0.0
DHCURR,0.0,0.0
DHDPRy,0.06478188485342809,0.0
DHMPTR,0.0,0.0
DHORD2,0.0,0.0
DHORD5,0.0,0.0
DHPPD,0.0,0.0
DHPPDA2,1.3018790399999326e-05,0.0
DHPS2,0.0,0.0
DKGLCNR1,0.0,0.0
DKGLCNR2x,0.0,0.0
DKGLCNR2y,0.0,0.0
DMPPS,0.0,0.0
DMQMT,0.0,0.0
DOXRBCNtpp,0.0,0.0
DSBDR,0.0,0.0
DSERDHr,0.0,-0.0
DTARTD,0.0,0.0
DXYLTD,0.0,0.0
E4PP,0.0,0.0
EAR100x,0.0,0.0
EAR120x,0.0,0.0
EAR121x,8.423203222151088e-22,0.0
EAR140x,0.0,0.0
EAR141x,8.423203222151087e-22,0.0
EAR160x,0.0,0.0
EAR161x,0.0,0.0
EAR180x,0.0,0.0
EAR181x,0.0,0.0
EAR40x,7.0371840000000006e-06,0.0
EAR60x,7.0371840000000006e-06,0.0
EAR80x,7.0371840000000006e-06,0.0
ECA4COLIPAabctex,0.0,0.0
ECOAH1,0.0,0.0
ECOAH2,0.0,0.0
ECOAH3,0.0,0.0
ECOAH4,0.0,-0.0
ECOAH5,0.0,0.0
ECOAH6,0.0,-0.0
ECOAH7,0.0,-0.0
ECOAH8,0.0,-0.0
EDD,0.0,0.0
ENLIPAabctex,0.0,0.0
F1PP,0.0,0.0
F6PP,0.0,0.0
FACOAE100,0.0,0.0
FACOAE120,0.0,-0.0
FACOAE140,0.0,0.0
FACOAE141,0.0,-0.0
FACOAE160,0.0,0.0
FACOAE161,0.0,-0.0
FACOAE180,0.0,0.0
FACOAE181,0.0,-0.0
FACOAE60,0.0,0.0
FACOAE80,0.0,0.0
FACOAL100t2pp,0.0,0.0
FACOAL120t2pp,0.0,0.0
FACOAL140t2pp,0.0,0.0
FACOAL141t2pp,0.0,0.0
FACOAL160t2pp,0.0,0.0
FACOAL161t2pp,0.0,0.0
FACOAL180t2pp,0.0,0.0
FACOAL181t2pp,0.0,0.0
FACOAL60t2pp,0.0,0.0
FACOAL80t2pp,0.0,0.0
FADRx2,0.0,0.0
FE2abcpp,0.0,0.0
FE2t2pp,0.0,0.0
FE3DCITabcpp,0.0,0.0
FECRMabcpp,0.0,0.0
FEENTERabcpp,0.0,0.0
FEOXAMabcpp,0.0,0.0
FEROpp,0.0,0.0
FHL,0.0,0.0
FLVR,0.0,0.0
FMNRx2,0.0,0.0
FORCT,0.0,-0.0
FRD2,0.0,-0.0
FRD3,0.0008176386697197881,0.0
FRUpts2pp,0.0,0.0
FRUptspp,0.0,0.0
FUSAtpp,0.0,0.0
G1PP,0.0,0.0
G1PPpp,0.0,0.0
G2PP,0.0,0.0
G2PPpp,0.0,0.0
G3PCabcpp,0.0,0.0
G3PD5,0.0,-0.0
G3PEabcpp,0.0,0.0
G3PGabcpp,0.0,0.0
G3PIabcpp,0.0,0.0
G3PSabcpp,0.0,0.0
G6PP,0.0,0.0
GALTptspp,0.0,0.0
GALabcpp,0.0,0.0
GAMptspp,0.0,0.0
GDPDPK,0.0,0.0
GDPMNH,0.0,0.0
GDPTPDP,0.0,0.0
GGGABADr,0.0,0.0
GLCATr,0.0,-0.0
GLCDpp,0.0,0.0
GLCRAL,0.0,0.0
GLCabcpp,0.0,0.0
GLCptspp,0.0,0.0
GLDBRAN2,0.0,0.0
GLTPD,0.0,0.0
GLUDy,0.0,0.0
GLUSy,0.0,0.0
GLUabcpp,0.0,0.0
GLYAT,0.0,-0.0
GLYBabcpp,0.0,0.0
GLYBt2pp,0.0,0.0
GLYBt3pp,0.0,0.0
GLYC2Pabcpp,0.0,0.0
GLYC3Pabcpp,0.0,0.0
GLYCLTDy,0.0,0.0
GLYCTO2,0.0,0.0
GLYCTO3,0.0,0.0
GLYCTO4,0.0,0.0
GMHEPAT,0.0,0.0
GMHEPK,0.0,0.0
GMHEPPA,0.0,0.0
GMPR,0.0,0.0
GNK,0.0,0.0
GNP,0.0,0.0
GRXR,2.9079788241809383e-05,0.0
GTHRDHpp,0.0,0.0
GTHRDabc2pp,0.0,0.0
GTHRDabcpp,0.0,0.0
GTPDPDP,0.0,0.0
GTPDPK,0.0,0.0
GUAPRT,0.0,0.0
HACD1,0.0,-0.0
HACD2,0.0,0.0
HACD3,0.0,0.0
HACD4,0.0,0.0
HACD5,0.0,0.0
HACD6,0.0,0.0
HACD7,0.0,-0.0
HACD8,0.0,-0.0
HBZOPT,0.0020067746209994383,0.0
HEPT1,0.0,0.0
HEPT2,0.0,0.0
HG2abcpp,0.0,0.0
HISTD,0.01286279311186548,0.0
HMPK1,6.8132736000000004e-06,0.0
HOMt2pp,0.0,0.0
HPPK2,0.0,0.0
HPPPNDO,0.0,0.0
HPYRI,-0.11749980896213585,0.0
HPYRP,3.9879927881181962,0.0
HXCT,0.0,0.0
HXPRT,0.0,0.0
HYD1pp,0.0,0.0
HYD2pp,0.0,0.0
HYD3pp,0.0,0.0
I2FE2SR,0.0,0.0
I2FE2SS,0.000233973722627737,0.0
I2FE2SS2,0.0,0.0
I2FE2ST,0.00023397372262773703,0.0
I4FE4ST,7.637590419795477e-20,0.0
ICL,0.0,0.0
ICYSDS,0.000467947445255474,0.0
ILEabcpp,0.0,0.0
INDOLEt2pp,0.0,0.0
IPDPS,0.07739174100639529,0.0
K2L4Aabcpp,0.0,0.0
K2L4Aabctex,0.0,0.0
Kt2pp,0.0,0.0
Kt3pp,0.0,0.0
LDGUNPD,0.0,0.0
LDH_D2,0.0,-0.0
LEUTAi,0.06561371919045383,0.0
LIPACabcpp,0.0,0.0
LIPAabcpp,0.0,0.0
LIPAabctex,0.0,0.0
LIPOS,0.0,0.0
LKDRA,0.0,0.0
LPADSS,0.0,0.0
LPLIPAL1A120pp,0.0,0.0
LPLIPAL1A140pp,0.0,0.0
LPLIPAL1A141pp,0.0,0.0
LPLIPAL1A160pp,0.0,0.0
LPLIPAL1A161pp,0.0,0.0
LPLIPAL1A180pp,0.0,0.0
LPLIPAL1A181pp,0.0,0.0
LPLIPAL1E120pp,0.0,0.0
LPLIPAL1E140pp,0.0,0.0
LPLIPAL1E141pp,0.0,0.0
LPLIPAL1E160pp,0.0,0.0
LPLIPAL1E161pp,0.0,0.0
LPLIPAL1E180pp,0.0,0.0
LPLIPAL1E181pp,0.0,0.0
LPLIPAL1G120pp,0.0,0.0
LPLIPAL1G140pp,0.0,0.0
LPLIPAL1G141pp,0.0,0.0
LPLIPAL1G160pp,0.0,0.0
LPLIPAL1G161pp,0.0,0.0
LPLIPAL1G180pp,0.0,0.0
LPLIPAL1G181pp,0.0,0.0
LPLIPAL2A120,0.0,0.0
LPLIPAL2A140,0.0,0.0
LPLIPAL2A141,0.0,0.0
LPLIPAL2A160,0.0,0.0
LPLIPAL2A161,0.0,0.0
LPLIPAL2A180,0.0,0.0
LPLIPAL2A181,0.0,0.0
LPLIPAL2ATE120,0.0,-0.0
LPLIPAL2ATE140,0.0,0.0
LPLIPAL2ATE141,0.0,-0.0
LPLIPAL2ATE160,0.0,-0.0
LPLIPAL2ATE161,0.0,-0.0
LPLIPAL2ATE180,0.0,-0.0
LPLIPAL2ATE181,0.0,0.0
LPLIPAL2ATG120,0.0,0.0
LPLIPAL2ATG140,0.0,0.0
LPLIPAL2ATG141,0.0,0.0
LPLIPAL2ATG160,0.0,0.0
LPLIPAL2ATG161,0.0,0.0
LPLIPAL2ATG180,0.0,0.0
LPLIPAL2ATG181,0.0,0.0
LPLIPAL2E120,0.0,-0.0
LPLIPAL2E140,0.0,0.0
LPLIPAL2E141,0.0,-0.0
LPLIPAL2E160,0.0,0.0
LPLIPAL2E161,0.0,-0.0
LPLIPAL2E180,0.0,0.0
LPLIPAL2E181,0.0,0.0
LPLIPAL2G120,0.0,0.0
LPLIPAL2G140,0.0,0.0
LPLIPAL2G141,0.0,0.0
LPLIPAL2G160,0.0,0.0
LPLIPAL2G161,0.0,0.0
LPLIPAL2G180,0.0,0.0
LPLIPAL2G181,0.0,0.0
LSERDHr,0.0,0.0
LYSAM,0.0,0.0
L_LACD2,0.0,0.0
L_LACD3,0.0,0.0
MACPD,0.0,0.0
MALDDH,0.0,0.0
MALS,0.0,-0.0
MALTATr,0.0,-0.0
MALTHXabcpp,0.0,0.0
MALTPTabcpp,0.0,0.0
MALTTRabcpp,0.0,0.0
MALTTTRabcpp,0.0,0.0
MALTabcpp,0.0,0.0
MALTptspp,0.0,0.0
MANGLYCptspp,0.0,0.0
MANptspp,0.0,0.0
MCPST,0.0,-0.0
MCTP1App,0.014833472774400001,0.0
MCTP1Bpp,0.0,0.0
MCTP2App,0.0,0.0
MDDCP1pp,0.0,0.0
MDDCP2pp,0.0,0.0
MDDCP3pp,0.0,0.0
MDDCP4pp,0.0,0.0
MDDCP5pp,0.0,0.0
MECDPDH5,0.0,0.0
METNA,0.0,-0.0
METSOXR1,0.0,0.0
METSOXR2,0.0,0.0
METabcpp,0.0,0.0
MG2tpp,0.0,0.0
MINCYCtpp,0.0,0.0
MLDCP1App,0.0,0.0
MLDCP1Bpp,0.0,0.0
MLDCP2App,0.0,0.0
MLDCP2Bpp,0.0,0.0
MLDCP3App,0.0,0.0
MLDEP1pp,0.0,0.0
MLDEP2pp,0.0,0.0
MLTP1,0.0,0.0
MLTP2,0.0,0.0
MLTP3,0.0,0.0
MMCD,0.0,0.0
MMM,0.0,0.0
MN2t3pp,0.0,0.0
MNLptspp,0.0,0.0
MOADSUx,0.0,0.0
MOAT,0.0,0.0
MOAT2,0.0,0.0
MOCOS,0.0,0.0
MPTS,0.0,0.0
MPTSS,0.0,0.0
MSAR,0.0,0.0
MTHFR2,0.02829296850899441,0.0
NADDP,0.0,0.0
NADH10,0.0,0.0
NADH9,0.0008176386697197882,0.0
NADHHR,0.0,0.0
NADHHS,0.0,0.0
NADHXD,0.0,0.0
NADHXE,0.0,0.0
NADPHHR,0.0,0.0
NADPHHS,0.0,0.0
NADPHXD,0.0,0.0
NADPHXE,0.0,0.0
NHFRBO,0.0,0.0
NI2abcpp,0.0,0.0
NI2t3pp,0.0,0.0
NI2tpp,0.0,0.0
NOVBCNtpp,0.0,0.0
NTD1,0.0,0.0
NTD10,0.0,0.0
NTD11,0.0,0.0
NTD12,0.0,0.0
NTD2,0.0,0.0
NTD2pp,0.0,0.0
NTD3,0.0,0.0
NTD4pp,0.0,0.0
NTD5,0.0,0.0
NTD7pp,0.0,0.0
NTD8,0.0,0.0
NTD9,0.0,0.0
NTD9pp,0.0,0.0
NTP1,0.0,0.0
NTP10,0.0,0.0
NTP3,0.0,0.0
NTP5,0.0,0.0
NTPP1,0.0,0.0
NTPP10,0.0,0.0
NTPP11,0.0,0.0
NTPP3,0.0,0.0
NTPP5,0.0,0.0
NTPP6,0.0,0.0
NTPP7,0.0,0.0
NTPP9,0.0,0.0
O16A4COLIPAabctex,0.0,0.0
O16AT,0.0,0.0
OHPHM,0.0,0.0
OMBZLM,0.0,0.0
OMMBLHXy,0.0,0.0
OMPHHXy,0.0,0.0
OPHHXy,0.0,0.0
ORNabcpp,0.0,0.0
OXCOAHDH,0.0,0.0
OXDHCOAT,0.0,0.0
PA120abcpp,0.0,0.0
PA140abcpp,0.0,0.0
PA141abcpp,0.0,0.0
PA160abcpp,0.0,0.0
PA161abcpp,0.0,0.0
PA180abcpp,0.0,0.0
PA181abcpp,0.0,0.0
PACCOAE,0.0,0.0
PACCOAL,0.0,0.0
PAPSR2,0.0,0.0
PCNO,0.0,0.0
PDE1,0.0,0.0
PDE4,0.0,0.0
PE120abcpp,0.0,0.0
PE140abcpp,0.0,0.0
PE141abcpp,0.0,0.0
PE160abcpp,0.0,0.0
PE161abcpp,0.0,0.0
PE180abcpp,0.0,0.0
PE181abcpp,0.0,0.0
PG120abcpp,0.0,0.0
PG140abcpp,0.0,0.0
PG141abcpp,0.0,0.0
PG160abcpp,0.0,0.0
PG161abcpp,0.0,0.0
PG180abcpp,0.0,0.0
PG181abcpp,0.0,0.0
PGP120abcpp,0.0,0.0
PGP140abcpp,0.0,0.0
PGP141abcpp,0.0,0.0
PGP160abcpp,0.0,0.0
PGP161abcpp,0.0,0.0
PGP180abcpp,0.0,0.0
PGP181abcpp,0.0,0.0
PGSA120,0.0,0.0
PGSA140,0.0,0.0
PGSA141,0.0,0.0
PHEMEabcpp,0.0,0.0
PIt2rpp,0.0,0.0
PNSPA,0.0,0.0
POAACR,0.0,0.0
PPCK,0.0,0.0
PPCSCT,0.0,0.0
PPGPPDP,0.0,0.0
PPPNDO,0.0,0.0
PPTHpp,0.0,0.0
PROD3,0.0,0.0
PROGLYabcpp,0.0,0.0
PROt2rpp,0.0,0.0
PSP_Lpp,0.0,0.0
PTHRpp,0.0,0.0
PTRCTA,0.0,0.0
PUACGAMS,0.0,0.0
PUACGAMtr,0.0,-0.0
PYK6,1.0051028157975117e-05,0.0
QUINDH,0.0,0.0
QUINDHyi,0.0,0.0
R5PP,0.0,0.0
R5PPpp,0.0,0.0
REPHACCOAI,0.0,0.0
RFAMPtpp,0.0,0.0
RIBabcpp,0.0,0.0
RNDR1b,1.0246886833699222e-05,0.0
RNDR2b,1.8832901408110157e-05,0.0
RNDR3b,0.0,0.0
RNDR4b,0.0,0.0
RPNTPH,0.0,0.0
RU5PP,0.0,0.0
SBTPD,0.0,0.0
SBTptspp,0.0,0.0
SDPDS,0.0,0.0
SELabcpp,0.0,0.0
SGSAD,0.0,0.0
SHCHD2,0.0,0.0
SHCHF,0.0,0.0
SHSL1,0.0,-0.0
SKMt2pp,0.0,0.0
SLNTabcpp,0.0,0.0
SOTA,0.0,0.0
SSALx,0.0,0.0
SUCptspp,0.0,0.0
SULR,0.0,0.0
T2DECAI,8.423203222151087e-22,-0.0
TALA,0.0,0.0
TARTD,0.0,0.0
TAURabcpp,0.0,0.0
TGBPA,0.0,0.0
THD2pp,0.17221143575580147,0.0
THDPS,0.0,0.0
THFAT,0.0,-0.0
THIORDXi,0.0,0.0
THMabcpp,0.0,0.0
THRA,0.0,0.0
THRA2,0.0,0.0
THRD,0.0,0.0
THRabcpp,0.0,0.0
THZPSN3,0.0,0.0
TMPPP,0.0,0.0
TRE6PH,0.0,0.0
TRE6PP,0.0,0.0
TRE6PS,0.0,0.0
TREptspp,0.0,0.0
TRPAS2,-0.008223066513480738,-0.0
TSULabcpp,0.0,0.0
TTRCYCtpp,0.0,0.0
TUNGSabcpp,0.0,0.0
TYRL,0.0,0.0
UACMAMO,0.0,0.0
UDCPDPpp,0.0,0.0
UDPGDC,0.0,0.0
UDPGPT,0.0,0.0
UDPKAAT,0.0,0.0
ULA4NFT,0.0,0.0
UPLA4FNT,0.0,0.0
VALTA,0.0,0.0
VALabcpp,0.0,0.0
WCOS,0.0,0.0
XPPT,0.0,0.0
XYLUt2pp,0.0,0.0
XYLabcpp,0.0,0.0
ZN2t3pp,0.0,0.0
3HBCOAHL,0.0,0.0
3MMD,0.0,0.0
4ABUTD,0.0,0.0
4H2KPILY,0.0,0.0
4HBHYOX,0.0,0.0
4HBZR,5.40583680000055e-06,0.0
4HTHRS,0.0,0.0
ACACT5r_1,0.0,0.0
ACOAD1f,0.0,0.0
ACOAD2,0.0,0.0
ACOAD20,0.0,0.0
ACOAD2f,0.0,0.0
ACOAD3f,0.0,0.0
ACOAD4_1,0.0,0.0
ACOAD4f,0.0,-0.0
ACOAD5_1,0.0,0.0
ACOAD5f,0.0,0.0
ACOAD6f,0.0,0.0
ACOAD7f,0.0,0.0
ACOAD8f,0.0,0.0
ACOADH2,0.0,0.0
ACS2,0.0,0.0
ADK2,0.1730333307943345,0.0
ADKd,0.0,0.0
ADNt2,0.0,0.0
AGPAT120,0.0,0.0
AGPAT140,0.0,0.0
AGPAT141,0.0,0.0
AGPAT180,0.0,0.0
AGPAT181,0.0,0.0
AHSERL2,0.017081174075930742,0.0
AKGDa,0.0,-0.0
AKGDb,0.0,0.0
AKP1,0.002027278416199457,0.0
ALAALAD,0.0,0.0
ALATA_D,-0.06914563608959999,-0.0
ALAabc,0.0,0.0
ALCD19y,0.0,0.0
AMMQT8_2,0.0,0.0
AMPMS,0.0,-0.0
ARGN,0.0,0.0
ASO3t4pp,0.0,0.0
ASO4t4pp,0.0,0.0
ASPO1,0.0,0.0
ASR2,0.0,0.0
BCOALIG,0.0,0.0
BCOALIG2,5.40583680000055e-06,0.0
BG_CELLB,0.0,-0.0
BTS2,2.5035162663672096e-05,0.0
C120SN,0.0,0.0
C140SN,0.0,0.0
C141SN,0.0,0.0
C160SN,0.0,0.0
C161SN,0.0,0.0
C181SN,0.0,0.0
CA2abc,0.0,0.0
CD2t4,0.0,0.0
COALDDH,0.0,0.0
CPPPGOAN2,0.0,0.0
CRO4t3pp,0.0,0.0
CSND,0.0,0.0
CYTD,0.0,0.0
CYTDt2,0.0,0.0
Cut1,0.0,0.0
DADNt2,0.0,0.0
DCYTD,0.0,0.0
DCYTt2,0.0,0.0
DHAD3,0.0,0.0
DHEDAA,0.0,0.0
DHNPA2r,0.0,0.0
DHPS,0.0020272784161994573,0.0
DURIPP,0.0,0.0
DURIt2,0.0,0.0
ECOAH9ir,0.0,-0.0
EDTXS1,0.0,0.0
FASm220,0.0,0.0
FASm240,0.0,0.0
FASm260,0.0,0.0
FASm280,0.0,0.0
FDH,12.108553796103962,0.0
FEENTERtex,0.0,0.0
FERULCOAS,0.0,0.0
FRNDPR2r_1,0.0,0.0
FUMAC,0.0,0.0
G3PD1,0.0,0.0
G3PD2_1,0.0,0.0
GLCabc,0.0,0.0
GLUTCOADHc,0.0,0.0
GLYC3Pabc,0.0,0.0
GM1LIPAabcpp,0.0,0.0
GPDDA2,0.0,0.0
GPDDA5,0.0,0.0
GTHPe_1,0.0,0.0
GTPCII2,1.3018790399999325e-05,0.0
HACD1i,0.0,0.0
HACD2i,0.0,0.0
HACD3i,0.0,0.0
HACD4i,0.0,0.0
HACD5i,0.0,0.0
HACD6i,0.0,0.0
HACD7i,0.0,0.0
HGNTOR,0.0,0.0
HKtpp,0.0,0.0
HMGL,0.0,0.0
HSTPTr,0.01286279311186548,0.0
HYD1,0.0,0.0
HYD2,0.0,0.0
HYD3,0.0,0.0
ILEabc,0.0,0.0
IOR2b,0.0,-0.0
IOR3b,0.0,0.0
IORb,0.0,-0.0
KAS16,0.0,0.0
KAT2,0.0,0.0
KAT3,0.0,0.0
KAT4,0.0,0.0
KAT5,0.0,0.0
KAT6,0.0,0.0
KAT7,0.0,0.0
Kabc,0.0,0.0
Kt1,4.158336e-07,0.0
Kt2r,0.0,0.0
Kt3r,0.0,0.0
MALT,0.0,0.0
MALTHPabc,0.0,0.0
MALTabc,0.0,0.0
MDDCP1ex,0.0,0.0
MDDCP4ex,0.0,0.0
MDDCP5ex,0.0,0.0
MGt5,-0.0033399230051209465,-0.0
MLTG1,0.0,0.0
MLTG3,0.0,0.0
MLTG5,0.0,0.0
MME,0.0,0.0
MMM2,0.0,0.0
MMSAD2,0.0,0.0
MMSAD3,0.0,0.0
MOTS1,0.0,0.0
MOTS2,0.0,0.0
MOTS3,0.0,0.0
MOTS4,0.0,0.0
MTHFR2_1,0.0,0.0
MTI,0.0,0.0
NADHDH,0.0,0.0
NADPHQR2,0.0,0.0
NADPHQR3,0.0,0.0
NADS1,6.966812160014742e-05,0.0
NAt3_1,0.0,0.0
NFORGLUAH,0.0,0.0
NTD5pp,0.0,0.0
NTPTP1,0.0,0.0
OCBT_1,0.0,0.0
OCOAT1,0.0,0.0
OOR3r,0.0,0.0
OPHHX,0.002006774620999438,0.0
OXPTNDH,0.0,0.0
PACCOAL3,0.0,0.0
PEPCK_re,0.0,0.0
PGK_1,0.0,0.0
PHAPC100,0.0,0.0
PHAPC120,0.0,0.0
PHAPC121,0.0,0.0
PHAPC140,0.0,0.0
PHAPC141,0.0,0.0
PHAPC60,0.0,0.0
PHAPC80,0.0,0.0
PIabc,0.0,0.0
PIt2r,-0.09802430992256868,-0.0
POR,0.0,0.0
PPA_1pp,0.0,0.0
PPDK,0.0,0.0
PPK2r,0.1725517315111345,0.0
PRDX,0.0,0.0
PRFGS_1,0.0,0.0
PSD160,0.0,0.0
PSD180,0.0,0.0
PSSA160,0.0,0.0
PSSA180,0.0,0.0
PTRCabc,0.0,0.0
QRr,0.0,0.0
RIBabc,0.0,0.0
RNTR1,0.0,0.0
RNTR2,0.0,0.0
RNTR3,1.884503001816625e-05,0.0
RNTR4,1.0051028157975113e-05,0.0
SDPTAi,0.0,0.0
SHSL2r,0.0,0.0
SO3abcpp,0.0,0.0
SUCCabc,0.0,0.0
SUCR,0.0,0.0
THD2,4.95018021502037,0.0
THMDt2,0.0,0.0
THRA2i,0.0,0.0
THRAi,0.2890491553378334,0.0
THRabc,0.0,0.0
TMDPP,0.0,0.0
TREabc,0.0,0.0
TYRt2rpp,0.0,0.0
URIt2,0.0,0.0
USHD,0.0,0.0
VALabc,0.0,0.0
ZN2t4,0.0,0.0
2AGPEAT120,0.0,0.0
2AGPEAT141,0.0,0.0
2AGPEAT161,0.0,0.0
4HTHRK,0.0,0.0
5CM2HMUDI,0.0,0.0
ACGAMPM,0.0,0.0
AGMtex,0.0,0.0
ALCD2ir,0.0,0.0
ALCD4,0.0,0.0
ALDD31_1,0.0,0.0
ALDD6,0.0,0.0
ALR3,0.0,0.0
AMPtex,0.0,0.0
ANHGMtex,0.0,-0.0
APENTAMAH,0.0,0.0
APTNAT,0.0,0.0
ASO3tex,0.0,0.0
ASPtex,0.0,0.0
ATPHs,0.0,0.0
BSCT,-5.405836799998626e-06,-0.0
BTS3r,0.0,-0.0
CITtex,0.0,0.0
CLt3_2pp,3.1354815961361627e-06,0.0
CMPtex,0.0,0.0
CONFRLtex,0.0,0.0
CONFRLtpp,0.0,0.0
CYO1a,0.0,0.0
CYTDtex,0.0,-0.0
DAMPtex,0.0,0.0
DAPDA,0.0,0.0
DCAtex,0.0,0.0
DCMPtex,0.0,0.0
DGMPtex,0.0,0.0
DGNSK,0.0,0.0
DGSNtex,0.0,0.0
DHNAOT,0.0,0.0
DKMPPD3,2.3542579200000006e-05,0.0
DTMPtex,0.0,0.0
ECOAH12,0.0,0.0
EDTXS2,0.0,0.0
ETOHtrpp,0.0,0.0
EX_12ppd__S_e,0.0,0.0
EX_2hxmp_e,0.0,0.0
EX_3mb_e,0.0,0.0
EX_4hbz_e,0.0,-0.0
EX_4hphac_e,0.0,0.0
EX_ac_e,0.0,-0.0
EX_acald_e,0.0,0.0
EX_adn_e,0.0,0.0
EX_agm_e,0.0,0.0
EX_ala__D_e,0.0,-0.0
EX_ala__L_e,0.0,-0.0
EX_amp_e,0.0,-0.0
EX_anhgm_e,0.0,0.0
EX_arbt_e,0.0,0.0
EX_aso3_e,0.0,0.0
EX_aso4_e,0.0,0.0
EX_asp__L_e,0.0,-0.0
EX_btoh_e,0.0,0.0
EX_but_e,0.0,-0.0
EX_buts_e,0.0,0.0
EX_butso3_e,0.0,0.0
EX_bz_e,0.0,-0.0
EX_cell4_e,0.0,0.0
EX_cell500_e,0.0,0.0
EX_cellb_e,0.0,-0.0
EX_cgly_e,0.0,0.0
EX_cit_e,0.0,0.0
EX_cmp_e,0.0,-0.0
EX_confrl_e,0.0,0.0
EX_cytd_e,0.0,0.0
EX_dad_2_e,0.0,0.0
EX_damp_e,0.0,-0.0
EX_dca_e,0.0,-0.0
EX_dcmp_e,0.0,0.0
EX_dcyt_e,0.0,0.0
EX_dextrin_e,0.0,0.0
EX_dgmp_e,0.0,-0.0
EX_dgsn_e,0.0,-0.0
EX_drib_e,0.0,0.0
EX_dtmp_e,0.0,0.0
EX_duri_e,0.0,0.0
EX_enter_e,0.0,0.0
EX_eths_e,0.0,0.0
EX_ethso3_e,0.0,0.0
EX_etoh_e,0.0,-0.0
EX_feenter_e,0.0,0.0
EX_for_e,-12.184455841065956,0.0
EX_frmd_e,0.0,-0.0
EX_fru_e,0.0,-0.0
EX_g3pc_e,0.0,0.0
EX_g3pi_e,0.0,0.0
EX_g3ps_e,0.0,-0.0
EX_galct__D_e,0.0,0.0
EX_glc__D_e,0.0,0.0
EX_glcur_e,0.0,0.0
EX_glucan1500_e,0.0,0.0
EX_glucan4_e,0.0,0.0
EX_glucan6_e,0.0,0.0
EX_gly_e,0.0,-0.0
EX_glyb_e,0.0,0.0
EX_glyc2p_e,0.0,-0.0
EX_glyc3p_e,0.0,-0.0
EX_glyc_e,0.0,-0.0
EX_gm1lipa_e,0.0,0.0
EX_gmp_e,0.0,0.0
EX_gthox_e,0.0,0.0
EX_gthrd_e,0.0,0.0
EX_gua_e,0.0,0.0
EX_h2_e,0.0,-0.0
EX_h2o2_e,0.0,0.0
EX_h2s_e,0.0,0.0
EX_hexs_e,0.0,0.0
EX_his__L_e,0.0,-0.0
EX_hqn_e,0.0,0.0
EX_hxan_e,0.0,0.0
EX_ibt_e,0.0,0.0
EX_id3acald_e,0.0,0.0
EX_ile__L_e,0.0,-0.0
EX_imp_e,0.0,0.0
EX_isetac_e,0.0,0.0
EX_istnt_e,0.0,0.0
EX_kdo2lipid4_e,0.0,0.0
EX_lipa_e,0.0,0.0
EX_lys__L_e,0.0,-0.0
EX_madg_e,0.0,0.0
EX_malt_e,0.0,0.0
EX_malthp_e,0.0,0.0
EX_mbdg_e,0.0,0.0
EX_met__L_e,0.0,-0.0
EX_mso3_e,0.0,0.0
EX_murein4p3p_e,0.0,0.0
EX_murein4p4p_e,0.0,0.0
EX_murein4px4p_e,0.0,0.0
EX_murein4px4px4p_e,0.0,0.0
EX_murein5p3p_e,0.0,-0.0
EX_murein5p4p_e,0.0,-0.0
EX_murein5p5p_e,0.0,-0.0
EX_murein5px4p_e,0.0,-0.0
EX_murein5px4px4p_e,0.0,-0.0
EX_nmn_e,0.0,0.0
EX_no2_e,0.0,0.0
EX_octa_e,0.0,0.0
EX_oxa_e,0.0,0.0
EX_pac_e,0.0,0.0
EX_pdima_e,0.0,0.0
EX_ppa_e,0.0,0.0
EX_pro__L_e,0.0,-0.0
EX_pyr_e,0.0,-0.0
EX_quin_e,0.0,-0.0
EX_rib__D_e,0.0,0.0
EX_rnam_e,0.0,0.0
EX_s_e,0.0,0.0
EX_salchs4_e,0.0,0.0
EX_salchs4fe_e,0.0,0.0
EX_salcn_e,0.0,0.0
EX_sbt__D_e,0.0,0.0
EX_skm_e,0.0,0.0
EX_so3_e,0.0,-0.0
EX_succ_e,0.0,-0.0
EX_sucr_e,0.0,-0.0
EX_sula_e,0.0,0.0
EX_sulfac_e,0.0,0.0
EX_tartr__D_e,0.0,-0.0
EX_tartr__L_e,0.0,-0.0
EX_taur_e,0.0,0.0
EX_thr__L_e,0.0,-0.0
EX_thymd_e,0.0,0.0
EX_tma_e,0.0,0.0
EX_tmao_e,0.0,0.0
EX_tol_e,0.0,0.0
EX_tre_e,0.0,-0.0
EX_tsul_e,0.0,-0.0
EX_udcpo5_e,0.0,0.0
EX_ump_e,0.0,-0.0
EX_ura_e,0.0,0.0
EX_urate_e,0.0,0.0
EX_urea_e,0.0,0.0
EX_uri_e,0.0,-0.0
EX_val__L_e,0.0,-0.0
EX_vanln_e,0.0,0.0
EX_xmp_e,0.0,0.0
FACOAL160,0.0,0.0
FALGTHLs,0.0,-0.0
FAS120,0.0,0.0
FAS200,0.0,0.0
FASC200ACP,0.0,0.0
FCOAHA,0.0,0.0
FOAMtex,0.0,0.0
FOAMtrpp,0.0,-0.0
FORAMD,0.0,0.0
G3PCtex,0.0,0.0
G3PItex,0.0,0.0
G3PStex,0.0,0.0
G6PI,0.0,0.0
GCCb,0.0,0.0
GCCc,0.0,0.0
GLCTR4,0.0,0.0
GLXCBL,0.0,0.0
GLYC2Ptex,0.0,0.0
GLYCtpp,0.0,-0.0
GLYtex,0.0,0.0
GMPtex,0.0,0.0
GPDDA1,0.0,0.0
GPDDA3,0.0,0.0
GPDDA4,0.0,0.0
GTPHs,0.0,0.0
H2CO3D,0.0,0.0
H2tpp,0.0,0.0
HEX4,0.0,0.0
HEX7,0.0,0.0
HIStex,0.0,0.0
HPAtex,0.0,0.0
IMPtex,0.0,0.0
KAT1,0.0,0.0
LACD,0.0,0.0
LCTStpp,0.0,-0.0
LPD5,0.0,0.0
LYSMO,0.0,0.0
MACCOAT,0.0,0.0
MDDCP2ex,0.0,0.0
MDDCP3ex,0.0,0.0
MELIBt2pp,0.0,0.0
METOX1s,0.0,0.0
METOX2s,0.0,0.0
METtex,0.0,0.0
MGSA,0.0,0.0
MMTSAO,0.0,0.0
MOSDC,0.0,0.0
MPTAT,0.0,0.0
MUCCY_kt,0.0,0.0
N2trpp,0.0,0.0
NH3c,0.0,-0.0
NMNAT,0.0,0.0
NMNR,0.0,0.0
NOVBCNtex,0.0,0.0
NT5C,0.0,0.0
NTD10pp,0.0,0.0
NTD11pp,0.0,0.0
NTD3pp,0.0,0.0
NTD6pp,0.0,0.0
NTD8pp,0.0,0.0
OHEDH,0.0,0.0
PACCOAL2,0.0,0.0
PHACOAOR,0.0,-0.0
PLIPA1E120pp,0.0,0.0
PLIPA1E141pp,0.0,0.0
PLIPA1E160,0.0,0.0
PLIPA1E161pp,0.0,0.0
PLIPA1E180,0.0,0.0
PLIPA2A120pp,0.0,0.0
PLIPA2A140pp,0.0,0.0
PLIPA2A141pp,0.0,0.0
PLIPA2A160pp,0.0,0.0
PLIPA2A161pp,0.0,0.0
PLIPA2A180pp,0.0,0.0
PLIPA2A181pp,0.0,0.0
PLIPA2E140pp,0.0,0.0
PLIPA2E160pp,0.0,0.0
PLIPA2E180pp,0.0,0.0
PLIPA2E181pp,0.0,0.0
PLIPA2G120pp,0.0,0.0
PLIPA2G140pp,0.0,0.0
PLIPA2G141pp,0.0,0.0
PLIPA2G160pp,0.0,0.0
PLIPA2G161pp,0.0,0.0
PLIPA2G180pp,0.0,0.0
PLIPA2G181pp,0.0,0.0
PPAt4pp,0.0,0.0
PPCOAC,0.0,0.0
PREPHACPH,0.0,0.0
PSD140,0.0,0.0
PSD181,0.0,0.0
RFAMPtex,0.0,0.0
SCYSSL_1,0.0,0.0
SLCYSS,0.0,0.0
SUCCtex,0.0,0.0
TARTRDtex,0.0,0.0
TARTRDtpp,0.0,0.0
THMDtex,0.0,0.0
THPAT,0.0,0.0
UDCPPtppi,0.0,0.0
UMPtex,0.0,0.0
UREAtex,0.0,0.0
URItex,0.0,-0.0
VNLNpp,0.0,0.0
XMPtex,0.0,0.0
XTSNt2rpp,0.0,0.0
BSORy,0.0,0.0
INS2D,0.0,0.0
BDH,0.0,-0.0
HIBD,0.0,0.0
HGD,0.0,0.0
CCP,0.0,-0.0
PC6AR,1.3754496e-06,0.0
SUCD1,0.0,0.0
N2OR,0.0,0.0
SULO,0.0,0.0
PC6YM,1.3754496e-06,0.0
MHPGLUT,0.0,0.0
APPLDHr,0.0,0.0
GTMLT,0.0,0.0
PSPPS,0.0,0.0
SQLS,0.0,0.0
HSPMS,0.0,0.0
APATr,0.0,0.0
FRUK,0.0,0.0
PFK_2,0.0,0.0
G3PCT,0.0,0.0
ACNMCT,0.0,0.0
ASCBPL,0.0,0.0
PHACTE,0.0,0.0
ACOAH,0.3168915429245128,0.0
3PHACTE,0.0,0.0
HYPOE,0.0,0.0
PDXPP,0.0,0.0
PYDXPP,0.0,0.0
AAMYL_1,0.0,0.0
LACZ,0.0,-0.0
LACZpp,0.0,0.0
AHEXASE3,0.0,0.0
HXAD,0.0,0.0
AMAA,0.0,0.0
ALPHNH,0.0,-0.0
CRTNh,0.0,0.0
BLACT,0.0,-0.0
DCTPD,0.0,0.0
DCTPD2,0.0,0.0
ACYP,0.0,0.0
ACYP_2,0.0,0.0
HMSH,0.0,0.0
HMSH2,0.0,0.0
OCAALD,0.0,0.0
CYSTS,0.0,0.0
CMHMI,0.0,0.0
OMAIS,0.0,0.0
AACOAT,0.0,0.0
ASNTRAT,0.0,-0.0
MCCC,0.0,0.0
MBCOAi,0.0,0.0
UREASE,0.0,0.0
PDS1_1,0.006002820095999999,0.0
PHYTEDH2,0.0,0.0
PHYTEDH1,0.0,0.0
PDS2_1,0.0,0.0
PHYTFDH1,0.006002820095999999,0.0
PHYTFDH2,0.0,0.0
ZCAROTDH1,0.004797596159999999,0.0
ZCAROTDH2,0.004520119295999999,0.0
HNPMT,0.0030135893759999995,0.0
HNPMT2,0.0030135893759999995,0.0
H1CTDS,0.0009039179520000001,0.0
DMPMT,0.0009039179520000003,0.0
HC34DS,0.0009039179520000002,0.0
DMPMT2,0.0009039179520000001,0.0
PQBS1,0.0,0.0
PQBS2,0.0,0.0
HMBS_1,0.0,0.0
MPOMC2,0.00331489536,0.0
MPOMMM2,0.00331489536,0.0
MPOMOR2_1,0.00331489536,0.0
DVOCHR,0.00331489536,0.0
CPRDFE,0.00331489536,0.0
V2BCHYD,0.0033148953599999994,0.0
BCPADH,0.003314895359999999,0.0
BCPISO,0.0030135893759999995,0.0
GDPAGT,0.0003013059839999999,0.0
GDPBGT,0.003013589375999999,0.0
GDPAR,-0.00030130598399999995,-0.0
GDPBR,0.003013589375999999,0.0
BORtex,9.80528323957806e-09,0.0
EX_bo3_e,-9.80528323957806e-09,0.0
BIOMASS_MINERALS,0.0026880000000000003,0.0
BIOMASS_MISC,0.042739200000000005,0.0
OMCDC,0.06561371919045385,0.0
12PPDStex,0.0,0.0
12PPDStpp,0.0,0.0
ABUTtex,0.0,0.0
ABUTt2pp,0.0,0.0
5DGLCNtex,0.0,0.0
5DGLCNt2rpp,0.0,0.0
ACtex,0.0,0.0
ACACtex,0.0,0.0
ACACt2pp,0.0,0.0
ACGLUtex,0.0,0.0
ACGLUpp,0.0,0.0
ACMANAtex,0.0,0.0
AKGtex,0.0,0.0
ARBtex,0.0,0.0
ARBt2rpp,0.0,0.0
BUTtex,0.0,0.0
BUTt2rpp,0.0,0.0
CITMtex,0.0,-0.0
CITMtpp,0.0,-0.0
DHAtex,0.0,0.0
DHAtpp,0.0,0.0
ETHAtex,0.0,0.0
ETHAt2pp,0.0,0.0
F6Ptex,0.0,0.0
F6Pt6_2pp,0.0,0.0
FORtex,0.0,0.0
FRUtex,0.0,0.0
FUMtex,0.0,0.0
FUMt2_2pp,0.0,0.0
G1Ptex,0.0,0.0
G6Ptex,0.0,0.0
G6Pt6_2pp,0.0,0.0
GALtex,0.0,0.0
GALt2pp,0.0,0.0
GHBtex,0.0,0.0
GHBpp,0.0,0.0
GLCt2pp,0.0,-0.0
GLCNtex,0.0,0.0
GLCNt2rpp,0.0,0.0
GLYC3Ptex,0.0,0.0
GLYC3Pt6pp,0.0,0.0
GLYCLTtex,0.0,0.0
GLYCLTt2rpp,0.0,0.0
GLYCOGENtex,0.0,0.0
GLYCOGENpp,0.0,0.0
HPYRtex,0.0,0.0
HPYRpp,0.0,0.0
HXAtex,0.0,0.0
HEXt2rpp,0.0,-0.0
INSTtex,0.0,0.0
INOSTt4pp,0.0,0.0
INStex,0.0,0.0
INSt2pp,0.0,0.0
L_LACtex,0.0,0.0
L_LACt2rpp,0.0,0.0
MALDtex,0.0,0.0
MALDt2_2pp,0.0,0.0
MALtex,0.0,0.0
MALt2_2pp,0.0,0.0
MALTtexi,0.0,0.0
MALTTRtexi,0.0,0.0
PYRtex,0.0,0.0
PYRt2rpp,0.0,0.0
QUIN2tex,0.0,0.0
QUIN2tpp,0.0,0.0
RIBtex,0.0,0.0
SERtex,0.0,0.0
SUCRtex,0.0,0.0
TARTt2_3pp,0.0,0.0
SUCTARTtpp,0.0,0.0
TARTRtex,0.0,0.0
TARTRtpp,0.0,0.0
THMDt2pp,0.0,0.0
TREtex,0.0,0.0
TREHpp,0.0,0.0
URIt2pp,0.0,-0.0
XYLtex,0.0,0.0
XYLt2pp,0.0,0.0
EX_4abut_e,0.0,-0.0
EX_4hpro_LT_e,0.0,0.0
EX_5dglcn_e,0.0,-0.0
EX_5oxpro_e,0.0,0.0
EX_acac_e,0.0,-0.0
EX_acglu_e,0.0,-0.0
EX_acmana_e,0.0,0.0
EX_akg_e,0.0,-0.0
EX_arab__L_e,0.0,-0.0
EX_asn__L_e,0.0,0.0
EX_citm_e,0.0,0.0
EX_dha_e,0.0,-0.0
EX_etha_e,0.0,0.0
EX_f6p_e,0.0,-0.0
EX_fum_e,0.0,-0.0
EX_g1p_e,0.0,-0.0
EX_g6p_e,0.0,-0.0
EX_gal_e,0.0,0.0
EX_ghb_e,0.0,0.0
EX_glcn_e,0.0,-0.0
EX_glu__L_e,0.0,-0.0
EX_glyclt_e,0.0,-0.0
EX_glycogen_e,0.0,-0.0
EX_hpyr_e,0.0,-0.0
EX_hxa_e,0.0,-0.0
EX_inost_e,0.0,0.0
EX_ins_e,0.0,0.0
EX_lac__L_e,0.0,-0.0
EX_mal__D_e,0.0,-0.0
EX_mal__L_e,0.0,-0.0
EX_malttr_e,0.0,0.0
EX_man_e,0.0,0.0
EX_ser__L_e,0.0,-0.0
EX_xyl__D_e,0.0,0.0
ARAI,0.0,0.0
RBK_L1,0.0,0.0
RBP4E,0.0,0.0
N2tex,0.0,0.0
Bztex,0.0,0.0
BZt1pp,0.0,0.0
4HBZtex,0.0,0.0
UHBZ1t_pp,0.0,0.0
EX_bzf_e,0.0,-0.0
BZFtex,0.0,0.0
BZFpp,0.0,0.0
BZFDC,0.0,0.0
BZDH,0.0,0.0
EX_34dhcinm_e,0.0,-0.0
34DHCINMtex,0.0,0.0
34DHCINMtpp,0.0,0.0
CAFFCOA,0.0,0.0
CACOAHA,0.0,0.0
VNDH_3,0.0,0.0
PCADYOX2,0.0,0.0
4HMSADM,0.0,0.0
4CHSOX,0.0,0.0
2PDCLH,0.0,0.0
OMAHY,0.0,0.0
EX_cinnm_e,0.0,-0.0
CINNMtex,0.0,0.0
CINNMtpp,0.0,0.0
TCNMM,0.0,0.0
2EHP2NOX,0.0,0.0
2EDPOX,0.0,0.0
H6DH,0.0,0.0
OP4ENH,0.0,0.0
HOPNTAL,0.0,0.0
EX_fer_e,0.0,-0.0
FERtex,0.0,0.0
FERtpp,0.0,0.0
VNDH,0.0,0.0
VNTDM,0.0,0.0
VANLNtex,0.0,0.0
EX_3hbz_e,0.0,0.0
3HBZtex,0.0,0.0
3HBZtpp,0.0,0.0
3HBZ4MO,0.0,0.0
EX_4hbzf_e,0.0,-0.0
4HBZFtex,0.0,0.0
4HBZFtpp,0.0,0.0
4HBZFCL,0.0,0.0
VNDH_2,0.0,0.0
EX_T4hcinnm_e,0.0,-0.0
T4HCINNMtex,0.0,0.0
T4HCINNMtpp,0.0,0.0
4CMCOAS,0.0,0.0
COCOAHA,0.0,0.0
EX_mand_e,0.0,-0.0
MANDtex,0.0,0.0
MANDtpp,0.0,0.0
2HPA2OX,0.0,0.0
EX_coucoa_e,0.0,-0.0
COUCOAtex,0.0,0.0
COUCOAtpp,0.0,0.0
PHBS_syn,0.0,0.0
SK_phbg_c,0.0,0.0
DM_PHB_c,0.0,0.0
ISOMS,0.0,-0.0
NTRSA,0.0,0.0
GLNS_1,0.0,0.0
NGFCOR,0.0,0.0
S4FE4SR,0.0023397372262773707,0.0
ADCS,0.0020272784161994577,0.0
S2FE2SS,0.002339737226277371,0.0
FORt,12.184455841065956,0.0
NH4t,1.1338875918179747,0.0
R05219,1.3754496e-06,0.0
ADOCBLS,1.3754496000000001e-06,0.0
PPA2,0.0,0.0
DALAabcpp,0.014833472774399998,0.0
DESAT16a,0.0,0.0
LUMPED_ANAEROBIC_C16_1,0.0,0.0
LUMPED_ANAEROBIC_C18_1,0.0,0.0
GLCDBRAN3,0.0,0.0
R05224_1,1.3754495999999997e-06,0.0
SFGTHi,0.0,0.0
PRE3BS,1.3754495999999997e-06,0.0
S4FE4ST,0.0023397372262773707,0.0
SULabc,0.027880700393789343,0.0
POR5,0.0,0.0
TRDR,0.02786990819525552,0.0
MCOATA,7.11818773273442e-05,0.0
IPPMIb,-0.06561371919045385,-0.0
THBTGT,0.00048022383360000017,0.0
RZ5PP,1.3754496000000001e-06,0.0
SERAT,0.010759838061148625,0.0
TMDS3,1.0051028157975117e-05,0.0
OCTDPS,0.002006774620999437,0.0
AHMMPS,6.8132736e-06,0.0
UPP3S,0.0033298973568000006,0.0
DHFR,0.0020272784161994573,0.0
ALAALAr,0.04198955443199998,0.0
BPNT,0.02784101213707937,0.0
THRPDC,1.3754496000000003e-06,0.0
S2FE2SS2,0.0023397372262773707,0.0
C12HR,0.0009039179520000002,0.0
SULR_2,0.02784101213707937,0.0
LCLY,0.0030135893759999995,0.0
HNPSYN,0.003917507327999999,0.0
CYSS_2,0.010759838061148625,0.0
IPPMIa,-0.06561371919045383,-0.0
SCYSDS,0.009358948905109483,0.0
FLDR2,0.0,0.0
NTRNO,0.0,-0.0
SUCOAS,0.0008873067913199351,0.0
NITOR,0.0,0.0
GLYCL,0.0,0.0
HVCD,0.0,0.0
3HOPCD,0.0,0.0
TGTASE3,0.0,0.0
TGTASE1,0.0,0.0
TGTASE2,0.0,0.0
G5SD_copy2,0.0,0.0
G5SD_copy1,0.0,0.0
DKGLCNR3,0.0,0.0
EX_photon_purple_e,-61.45879568872832,0.0
PURPLE_RC,30.72939784436416,0.0
PURPLE_CYTBC1,30.72939784436416,0.0
FTHFLi,0.04666745031072791,0.0
PDXSP,7.037184e-06,0.0
CA2t2pp,3.1354815961361627e-06,0.0
FORt2pp,0.0,0.0
H2tex,0.0,0.0
SO3tex,0.0,0.0
TSULtex,0.0,0.0
FRUt2pp,0.0,0.0
MANtex,0.0,0.0
MANt2pp,0.0,0.0
GLYCtex,0.0,0.0
ETOHtex,0.0,0.0
PPAtex,0.0,0.0
ALA__Ltex,0.0,0.0
ALA__Dtex,0.0,0.0
ILE__Ltex,0.0,0.0
LYS__Ltex,0.0,0.0
PRO__Ltex,0.0,0.0
THR__Ltex,0.0,0.0
VAL__Ltex,0.0,0.0
ASN__Ltex,0.0,0.0
ASN__Lt2pp,0.0,0.0
GLU__Ltex,0.0,0.0
ADNtex,0.0,0.0
ADNt2pp,0.0,0.0
CYTDt2pp,0.0,-0.0
DCYTtex,0.0,0.0
DCYTt2pp,0.0,0.0
DAD_2tex,0.0,0.0
DAD_2t2pp,0.0,0.0
DGSNt2pp,0.0,0.0
