,DSM123
RPE_02015,None
RPE_4644,None
RPE_RS00010,ACXYSJ_02745
RPE_RS00055,ACXYSJ_23025
RPE_RS00090,ACXYSJ_23060
RPE_RS00125,ACXYSJ_23115
RPE_RS00160,ACXYSJ_23140
RPE_RS00165,ACXYSJ_23145
RPE_RS00180,ACXYSJ_23160
RPE_RS00210,ACXYSJ_23230
RPE_RS00225,ACXYSJ_23240
RPE_RS00265,ACXYSJ_23270
RPE_RS00330,ACXYSJ_24425
RPE_RS00345,ACXYSJ_24410
RPE_RS00370,ACXYSJ_06010
RPE_RS00445,ACXYSJ_02080
RPE_RS00460,ACXYSJ_02090
RPE_RS00480,ACXYSJ_15560
RPE_RS00485,ACXYSJ_11960
RPE_RS00490,ACXYSJ_15555
RPE_RS00520,ACXYSJ_01590
RPE_RS00525,ACXYSJ_01585
RPE_RS00530,ACXYSJ_01580
RPE_RS00550,ACXYSJ_01565
RPE_RS00560,ACXYSJ_01555
RPE_RS00590,ACXYSJ_01520
RPE_RS00605,ACXYSJ_01505
RPE_RS00665,ACXYSJ_01435
RPE_RS00680,ACXYSJ_01430
RPE_RS00705,ACXYSJ_01385
RPE_RS00720,ACXYSJ_01400
RPE_RS00725,ACXYSJ_01405
RPE_RS00745,ACXYSJ_02320
RPE_RS00770,ACXYSJ_02345
RPE_RS00775,ACXYSJ_02350
RPE_RS00790,ACXYSJ_02375
RPE_RS00795,ACXYSJ_02380
RPE_RS00800,ACXYSJ_02385
RPE_RS00810,ACXYSJ_02395
RPE_RS00825,ACXYSJ_02410
RPE_RS00835,ACXYSJ_01350
RPE_RS00840,ACXYSJ_01345
RPE_RS00845,ACXYSJ_01340
RPE_RS00870,ACXYSJ_01320
RPE_RS00885,ACXYSJ_01305
RPE_RS00905,ACXYSJ_08615
RPE_RS00910,ACXYSJ_01295
RPE_RS00925,ACXYSJ_01285
RPE_RS00940,ACXYSJ_01280
RPE_RS00945,ACXYSJ_01275
RPE_RS00965,ACXYSJ_06780
RPE_RS01020,ACXYSJ_01685
RPE_RS01025,ACXYSJ_01680
RPE_RS01045,ACXYSJ_01660
RPE_RS01070,ACXYSJ_23775
RPE_RS01090,ACXYSJ_01630
RPE_RS01100,ACXYSJ_01620
RPE_RS01120,ACXYSJ_01600
RPE_RS01125,None
RPE_RS01130,ACXYSJ_02255
RPE_RS01150,ACXYSJ_02230
RPE_RS01175,ACXYSJ_02205
RPE_RS01195,ACXYSJ_02180
RPE_RS01225,ACXYSJ_01795
RPE_RS01230,ACXYSJ_01790
RPE_RS01250,ACXYSJ_01270
RPE_RS01275,ACXYSJ_01760
RPE_RS01285,ACXYSJ_01765
RPE_RS01290,ACXYSJ_01770
RPE_RS01295,ACXYSJ_01775
RPE_RS01340,ACXYSJ_23905
RPE_RS01345,ACXYSJ_23910
RPE_RS01395,ACXYSJ_12265
RPE_RS01405,ACXYSJ_23965
RPE_RS01410,ACXYSJ_23970
RPE_RS01415,ACXYSJ_23975
RPE_RS01420,ACXYSJ_23980
RPE_RS01455,ACXYSJ_24015
RPE_RS01465,ACXYSJ_24030
RPE_RS01485,ACXYSJ_24040
RPE_RS01490,ACXYSJ_24045
RPE_RS01505,ACXYSJ_24095
RPE_RS01520,ACXYSJ_24110
RPE_RS01525,ACXYSJ_24115
RPE_RS01540,ACXYSJ_24130
RPE_RS01555,ACXYSJ_24145
RPE_RS01560,ACXYSJ_24150
RPE_RS01565,ACXYSJ_24155
RPE_RS01570,ACXYSJ_24160
RPE_RS01610,ACXYSJ_24200
RPE_RS01665,ACXYSJ_24245
RPE_RS01670,ACXYSJ_20970
RPE_RS01675,ACXYSJ_20965
RPE_RS01700,ACXYSJ_24275
RPE_RS01710,ACXYSJ_24290
RPE_RS01715,ACXYSJ_23470
RPE_RS01720,ACXYSJ_00840
RPE_RS01730,ACXYSJ_00830
RPE_RS01775,ACXYSJ_00785
RPE_RS01780,ACXYSJ_00780
RPE_RS01800,ACXYSJ_00760
RPE_RS01825,ACXYSJ_00720
RPE_RS01830,ACXYSJ_00715
RPE_RS01840,ACXYSJ_00705
RPE_RS01855,ACXYSJ_00690
RPE_RS01895,ACXYSJ_00645
RPE_RS01900,ACXYSJ_00640
RPE_RS01955,ACXYSJ_00570
RPE_RS02000,ACXYSJ_24570
RPE_RS02015,ACXYSJ_24555
RPE_RS02020,ACXYSJ_24550
RPE_RS02025,ACXYSJ_24555
RPE_RS02035,ACXYSJ_24530
RPE_RS02040,ACXYSJ_24525
RPE_RS02135,ACXYSJ_22040
RPE_RS02145,ACXYSJ_01995
RPE_RS02150,ACXYSJ_01990
RPE_RS02155,ACXYSJ_01985
RPE_RS02170,ACXYSJ_01970
RPE_RS02190,ACXYSJ_01955
RPE_RS02195,ACXYSJ_01950
RPE_RS02200,ACXYSJ_01945
RPE_RS02210,ACXYSJ_01940
RPE_RS02215,ACXYSJ_01935
RPE_RS02230,ACXYSJ_01920
RPE_RS02240,ACXYSJ_01910
RPE_RS02275,ACXYSJ_01885
RPE_RS02280,ACXYSJ_01880
RPE_RS02285,ACXYSJ_01875
RPE_RS02290,ACXYSJ_01870
RPE_RS02295,ACXYSJ_01865
RPE_RS02305,ACXYSJ_01860
RPE_RS02345,ACXYSJ_01820
RPE_RS02355,ACXYSJ_01815
RPE_RS02360,ACXYSJ_01810
RPE_RS02370,ACXYSJ_24355
RPE_RS02375,ACXYSJ_22385
RPE_RS02385,ACXYSJ_24345
RPE_RS02405,ACXYSJ_24320
RPE_RS02470,ACXYSJ_02065
RPE_RS02485,ACXYSJ_02055
RPE_RS02520,ACXYSJ_02025
RPE_RS02530,ACXYSJ_02015
RPE_RS02560,ACXYSJ_24365
RPE_RS02565,ACXYSJ_24370
RPE_RS02570,ACXYSJ_24375
RPE_RS02575,ACXYSJ_24380
RPE_RS02580,ACXYSJ_24385
RPE_RS02620,ACXYSJ_02890
RPE_RS02650,ACXYSJ_23575
RPE_RS02655,ACXYSJ_23570
RPE_RS02660,ACXYSJ_23565
RPE_RS02685,ACXYSJ_02950
RPE_RS02690,ACXYSJ_02955
RPE_RS02700,ACXYSJ_02970
RPE_RS02705,ACXYSJ_02975
RPE_RS02730,ACXYSJ_03005
RPE_RS02740,ACXYSJ_03015
RPE_RS02755,ACXYSJ_23890
RPE_RS02770,None
RPE_RS02890,ACXYSJ_15505
RPE_RS02895,ACXYSJ_21070
RPE_RS02905,ACXYSJ_10295
RPE_RS02930,ACXYSJ_15630
RPE_RS02945,ACXYSJ_18240
RPE_RS02950,ACXYSJ_18235
RPE_RS02955,ACXYSJ_18230
RPE_RS02960,ACXYSJ_03015
RPE_RS02965,ACXYSJ_03020
RPE_RS02970,ACXYSJ_03030
RPE_RS02975,ACXYSJ_03035
RPE_RS03000,ACXYSJ_18205
RPE_RS03005,ACXYSJ_18200
RPE_RS03015,ACXYSJ_18190
RPE_RS03040,ACXYSJ_18165
RPE_RS03050,ACXYSJ_18155
RPE_RS03055,ACXYSJ_18150
RPE_RS03070,ACXYSJ_18135
RPE_RS03100,ACXYSJ_23055
RPE_RS03105,None
RPE_RS03115,ACXYSJ_22685
RPE_RS03170,ACXYSJ_13155
RPE_RS03175,ACXYSJ_23705
RPE_RS03235,ACXYSJ_02515
RPE_RS03255,ACXYSJ_02500
RPE_RS03265,ACXYSJ_02490
RPE_RS03275,ACXYSJ_02480
RPE_RS03290,ACXYSJ_03205
RPE_RS03305,ACXYSJ_03185
RPE_RS03320,ACXYSJ_03165
RPE_RS03340,ACXYSJ_03145
RPE_RS03345,ACXYSJ_03140
RPE_RS03360,ACXYSJ_22760
RPE_RS03365,ACXYSJ_22755
RPE_RS03370,ACXYSJ_22745
RPE_RS03385,ACXYSJ_22730
RPE_RS03410,ACXYSJ_22415
RPE_RS03415,ACXYSJ_22420
RPE_RS03430,ACXYSJ_22440
RPE_RS03435,ACXYSJ_22445
RPE_RS03440,ACXYSJ_22455
RPE_RS03475,ACXYSJ_22475
RPE_RS03480,ACXYSJ_02465
RPE_RS03500,ACXYSJ_03055
RPE_RS03505,ACXYSJ_03060
RPE_RS03525,ACXYSJ_03080
RPE_RS03530,ACXYSJ_03085
RPE_RS03550,ACXYSJ_03115
RPE_RS03590,ACXYSJ_22855
RPE_RS03605,ACXYSJ_22840
RPE_RS03685,ACXYSJ_21780
RPE_RS03690,None
RPE_RS03715,ACXYSJ_05340
RPE_RS03730,ACXYSJ_21835
RPE_RS03735,ACXYSJ_21840
RPE_RS03740,ACXYSJ_21845
RPE_RS03750,ACXYSJ_21855
RPE_RS03755,ACXYSJ_21860
RPE_RS03760,ACXYSJ_21865
RPE_RS03765,ACXYSJ_21870
RPE_RS03790,ACXYSJ_21895
RPE_RS03815,ACXYSJ_21950
RPE_RS03820,ACXYSJ_21955
RPE_RS03825,ACXYSJ_21960
RPE_RS03835,ACXYSJ_21985
RPE_RS03840,ACXYSJ_21990
RPE_RS03850,ACXYSJ_01035
RPE_RS03855,ACXYSJ_17065
RPE_RS04005,ACXYSJ_08705
RPE_RS04025,ACXYSJ_01130
RPE_RS04030,ACXYSJ_01125
RPE_RS04040,ACXYSJ_01250
RPE_RS04050,ACXYSJ_17670
RPE_RS04060,ACXYSJ_13110
RPE_RS04070,ACXYSJ_21185
RPE_RS04085,ACXYSJ_17670
RPE_RS04120,ACXYSJ_00935
RPE_RS04145,ACXYSJ_00910
RPE_RS04150,ACXYSJ_00905
RPE_RS04175,ACXYSJ_16710
RPE_RS04265,ACXYSJ_01005
RPE_RS04270,ACXYSJ_14865
RPE_RS04295,None
RPE_RS04380,ACXYSJ_04575
RPE_RS04385,ACXYSJ_04580
RPE_RS04405,ACXYSJ_04600
RPE_RS04425,ACXYSJ_04615
RPE_RS04435,ACXYSJ_04625
RPE_RS04440,ACXYSJ_04630
RPE_RS04455,None
RPE_RS04495,ACXYSJ_22930
RPE_RS04500,ACXYSJ_22925
RPE_RS04505,ACXYSJ_16835
RPE_RS04520,ACXYSJ_22880
RPE_RS04580,ACXYSJ_21705
RPE_RS04595,ACXYSJ_21690
RPE_RS04600,ACXYSJ_21680
RPE_RS04605,ACXYSJ_20220
RPE_RS04610,ACXYSJ_20225
RPE_RS04645,ACXYSJ_20250
RPE_RS04660,ACXYSJ_20265
RPE_RS04665,ACXYSJ_20270
RPE_RS04670,ACXYSJ_20275
RPE_RS04690,ACXYSJ_20305
RPE_RS04705,ACXYSJ_21675
RPE_RS04745,ACXYSJ_20180
RPE_RS04765,ACXYSJ_20165
RPE_RS04775,ACXYSJ_20155
RPE_RS04780,ACXYSJ_20150
RPE_RS04795,ACXYSJ_05785
RPE_RS04800,ACXYSJ_05790
RPE_RS04805,ACXYSJ_05795
RPE_RS04810,ACXYSJ_05800
RPE_RS04815,ACXYSJ_05805
RPE_RS04820,ACXYSJ_05810
RPE_RS04825,ACXYSJ_05815
RPE_RS04835,ACXYSJ_05175
RPE_RS04840,ACXYSJ_14225
RPE_RS04845,ACXYSJ_05185
RPE_RS04925,ACXYSJ_05265
RPE_RS04935,ACXYSJ_05155
RPE_RS04940,ACXYSJ_05150
RPE_RS04945,ACXYSJ_05145
RPE_RS04950,ACXYSJ_05140
RPE_RS04955,ACXYSJ_05135
RPE_RS04960,ACXYSJ_05130
RPE_RS04965,ACXYSJ_18255
RPE_RS04970,ACXYSJ_16685
RPE_RS04975,ACXYSJ_16680
RPE_RS04980,ACXYSJ_16675
RPE_RS04985,ACXYSJ_16670
RPE_RS04990,ACXYSJ_16665
RPE_RS05000,ACXYSJ_16645
RPE_RS05010,ACXYSJ_16660
RPE_RS05015,ACXYSJ_16655
RPE_RS05020,ACXYSJ_16650
RPE_RS05025,ACXYSJ_18260
RPE_RS05030,ACXYSJ_18280
RPE_RS05035,ACXYSJ_18275
RPE_RS05040,ACXYSJ_18270
RPE_RS05045,ACXYSJ_18265
RPE_RS05070,ACXYSJ_18060
RPE_RS05180,ACXYSJ_00005
RPE_RS05265,ACXYSJ_05360
RPE_RS05390,ACXYSJ_03360
RPE_RS05405,ACXYSJ_03375
RPE_RS05420,ACXYSJ_03395
RPE_RS05425,ACXYSJ_03400
RPE_RS05470,ACXYSJ_17780
RPE_RS05485,ACXYSJ_07895
RPE_RS05525,ACXYSJ_01110
RPE_RS05550,ACXYSJ_23955
RPE_RS05635,ACXYSJ_24455
RPE_RS05810,ACXYSJ_23970
RPE_RS05920,ACXYSJ_11390
RPE_RS06055,ACXYSJ_01750
RPE_RS06110,ACXYSJ_20820
RPE_RS06155,ACXYSJ_15220
RPE_RS06160,ACXYSJ_15215
RPE_RS06175,ACXYSJ_15200
RPE_RS06200,ACXYSJ_16850
RPE_RS06205,ACXYSJ_14450
RPE_RS06210,ACXYSJ_07430
RPE_RS06215,ACXYSJ_21490
RPE_RS06220,ACXYSJ_20935
RPE_RS06230,ACXYSJ_20925
RPE_RS06235,ACXYSJ_20920
RPE_RS06240,ACXYSJ_20915
RPE_RS06245,ACXYSJ_20910
RPE_RS06250,ACXYSJ_20900
RPE_RS06345,ACXYSJ_04250
RPE_RS06360,ACXYSJ_23610
RPE_RS06370,ACXYSJ_19765
RPE_RS06375,ACXYSJ_16795
RPE_RS06380,None
RPE_RS06385,ACXYSJ_02310
RPE_RS06390,ACXYSJ_02305
RPE_RS06395,ACXYSJ_15275
RPE_RS06400,None
RPE_RS06430,ACXYSJ_07495
RPE_RS06455,ACXYSJ_21640
RPE_RS06465,None
RPE_RS06470,ACXYSJ_06095
RPE_RS06575,ACXYSJ_06195
RPE_RS06585,ACXYSJ_06205
RPE_RS06590,ACXYSJ_06210
RPE_RS06625,ACXYSJ_06220
RPE_RS06635,ACXYSJ_06230
RPE_RS06640,ACXYSJ_06235
RPE_RS06645,ACXYSJ_06240
RPE_RS06650,ACXYSJ_06245
RPE_RS06655,ACXYSJ_06260
RPE_RS06670,ACXYSJ_06265
RPE_RS06675,ACXYSJ_06270
RPE_RS06680,ACXYSJ_06275
RPE_RS06685,ACXYSJ_06280
RPE_RS06690,ACXYSJ_06285
RPE_RS06695,ACXYSJ_06290
RPE_RS06700,ACXYSJ_06295
RPE_RS06705,ACXYSJ_06305
RPE_RS06710,ACXYSJ_06310
RPE_RS06715,ACXYSJ_06315
RPE_RS06720,ACXYSJ_06320
RPE_RS06730,ACXYSJ_06330
RPE_RS06740,ACXYSJ_06340
RPE_RS06780,ACXYSJ_06380
RPE_RS06785,ACXYSJ_06385
RPE_RS06790,ACXYSJ_06390
RPE_RS06795,ACXYSJ_06395
RPE_RS06800,ACXYSJ_06400
RPE_RS06805,ACXYSJ_06405
RPE_RS06815,ACXYSJ_06415
RPE_RS06820,ACXYSJ_06420
RPE_RS06835,ACXYSJ_06435
RPE_RS06845,ACXYSJ_06445
RPE_RS06855,ACXYSJ_06455
RPE_RS06860,ACXYSJ_06460
RPE_RS06875,ACXYSJ_06475
RPE_RS06890,ACXYSJ_04795
RPE_RS06940,ACXYSJ_04845
RPE_RS06945,ACXYSJ_04850
RPE_RS06950,ACXYSJ_04855
RPE_RS06955,ACXYSJ_04860
RPE_RS06990,ACXYSJ_04900
RPE_RS07000,ACXYSJ_04910
RPE_RS07005,ACXYSJ_04915
RPE_RS07025,ACXYSJ_04925
RPE_RS07100,ACXYSJ_04990
RPE_RS07105,ACXYSJ_04995
RPE_RS07120,ACXYSJ_05000
RPE_RS07165,ACXYSJ_05635
RPE_RS07185,ACXYSJ_05655
RPE_RS07200,ACXYSJ_05670
RPE_RS07280,ACXYSJ_14060
RPE_RS07285,ACXYSJ_17780
RPE_RS07290,ACXYSJ_17775
RPE_RS07295,ACXYSJ_17770
RPE_RS07300,ACXYSJ_17760
RPE_RS07305,ACXYSJ_17755
RPE_RS07310,ACXYSJ_17750
RPE_RS07325,ACXYSJ_17725
RPE_RS07365,ACXYSJ_17685
RPE_RS07375,ACXYSJ_17675
RPE_RS07385,ACXYSJ_17665
RPE_RS07395,ACXYSJ_17655
RPE_RS07410,ACXYSJ_17640
RPE_RS07460,ACXYSJ_02560
RPE_RS07470,ACXYSJ_22455
RPE_RS07540,ACXYSJ_17510
RPE_RS07570,ACXYSJ_17765
RPE_RS07575,ACXYSJ_17770
RPE_RS07580,None
RPE_RS07585,ACXYSJ_17780
RPE_RS07590,ACXYSJ_17965
RPE_RS07625,ACXYSJ_03325
RPE_RS07630,ACXYSJ_03360
RPE_RS07645,ACXYSJ_17725
RPE_RS07765,ACXYSJ_06775
RPE_RS07895,ACXYSJ_17280
RPE_RS08020,ACXYSJ_17160
RPE_RS08025,ACXYSJ_17155
RPE_RS08030,ACXYSJ_17150
RPE_RS08035,ACXYSJ_17145
RPE_RS08045,ACXYSJ_17135
RPE_RS08090,ACXYSJ_17085
RPE_RS08095,ACXYSJ_17080
RPE_RS08105,ACXYSJ_17075
RPE_RS08115,ACXYSJ_17070
RPE_RS08120,ACXYSJ_17060
RPE_RS08155,ACXYSJ_17020
RPE_RS08175,None
RPE_RS08210,ACXYSJ_17000
RPE_RS08235,ACXYSJ_16965
RPE_RS08260,ACXYSJ_16960
RPE_RS08275,ACXYSJ_16955
RPE_RS08290,ACXYSJ_16940
RPE_RS08305,ACXYSJ_16930
RPE_RS08310,ACXYSJ_16925
RPE_RS08315,ACXYSJ_16920
RPE_RS08320,ACXYSJ_16915
RPE_RS08330,ACXYSJ_16710
RPE_RS08345,ACXYSJ_16895
RPE_RS08370,ACXYSJ_16870
RPE_RS08400,ACXYSJ_16845
RPE_RS08445,ACXYSJ_16795
RPE_RS08450,ACXYSJ_16780
RPE_RS08470,ACXYSJ_16755
RPE_RS08505,ACXYSJ_16595
RPE_RS08535,ACXYSJ_16560
RPE_RS08540,ACXYSJ_16555
RPE_RS08550,ACXYSJ_16535
RPE_RS08570,ACXYSJ_16500
RPE_RS08590,ACXYSJ_20055
RPE_RS08595,ACXYSJ_20050
RPE_RS08600,ACXYSJ_20045
RPE_RS08605,ACXYSJ_20040
RPE_RS08610,ACXYSJ_20035
RPE_RS08615,ACXYSJ_20030
RPE_RS08620,ACXYSJ_20025
RPE_RS08625,ACXYSJ_20020
RPE_RS08630,ACXYSJ_20015
RPE_RS08635,ACXYSJ_20010
RPE_RS08640,ACXYSJ_20005
RPE_RS08645,ACXYSJ_20000
RPE_RS08650,ACXYSJ_19995
RPE_RS08655,ACXYSJ_19990
RPE_RS08660,ACXYSJ_19985
RPE_RS08665,ACXYSJ_19980
RPE_RS08670,ACXYSJ_19975
RPE_RS08710,ACXYSJ_19930
RPE_RS08725,ACXYSJ_19915
RPE_RS08745,ACXYSJ_19900
RPE_RS08765,ACXYSJ_19880
RPE_RS08835,ACXYSJ_19795
RPE_RS08840,ACXYSJ_19790
RPE_RS08845,ACXYSJ_19785
RPE_RS08850,ACXYSJ_19780
RPE_RS08855,ACXYSJ_20970
RPE_RS08860,ACXYSJ_20965
RPE_RS08865,ACXYSJ_19775
RPE_RS08875,ACXYSJ_19765
RPE_RS08885,ACXYSJ_20960
RPE_RS08890,ACXYSJ_20955
RPE_RS08895,ACXYSJ_20950
RPE_RS08900,ACXYSJ_20945
RPE_RS08905,ACXYSJ_20940
RPE_RS08915,ACXYSJ_19730
RPE_RS08965,ACXYSJ_16470
RPE_RS08975,ACXYSJ_16460
RPE_RS08980,ACXYSJ_16455
RPE_RS09020,ACXYSJ_16430
RPE_RS09025,ACXYSJ_16425
RPE_RS09030,ACXYSJ_16420
RPE_RS09035,ACXYSJ_16415
RPE_RS09045,ACXYSJ_16405
RPE_RS09075,ACXYSJ_06970
RPE_RS09090,ACXYSJ_10375
RPE_RS09100,ACXYSJ_10370
RPE_RS09125,ACXYSJ_07030
RPE_RS09145,ACXYSJ_05040
RPE_RS09160,ACXYSJ_07065
RPE_RS09175,ACXYSJ_07080
RPE_RS09190,ACXYSJ_16310
RPE_RS09235,ACXYSJ_04440
RPE_RS09245,ACXYSJ_16270
RPE_RS09260,ACXYSJ_16245
RPE_RS09325,ACXYSJ_16180
RPE_RS09335,ACXYSJ_16170
RPE_RS09340,ACXYSJ_16165
RPE_RS09345,ACXYSJ_16160
RPE_RS09350,ACXYSJ_16155
RPE_RS09735,ACXYSJ_15750
RPE_RS09755,ACXYSJ_18900
RPE_RS09815,ACXYSJ_15685
RPE_RS09835,ACXYSJ_15665
RPE_RS09845,ACXYSJ_10895
RPE_RS09900,None
RPE_RS09935,ACXYSJ_15570
RPE_RS09945,ACXYSJ_15560
RPE_RS09950,ACXYSJ_15555
RPE_RS09970,ACXYSJ_15535
RPE_RS09975,ACXYSJ_15530
RPE_RS09985,ACXYSJ_15520
RPE_RS09995,ACXYSJ_15515
RPE_RS10000,ACXYSJ_15510
RPE_RS10005,ACXYSJ_15505
RPE_RS10040,ACXYSJ_15465
RPE_RS10045,ACXYSJ_15460
RPE_RS10055,ACXYSJ_15455
RPE_RS10065,ACXYSJ_15440
RPE_RS10070,ACXYSJ_15435
RPE_RS10075,ACXYSJ_15430
RPE_RS10080,ACXYSJ_15425
RPE_RS10090,ACXYSJ_15410
RPE_RS10095,ACXYSJ_12105
RPE_RS10100,ACXYSJ_15405
RPE_RS10110,ACXYSJ_15395
RPE_RS10120,ACXYSJ_15385
RPE_RS10125,ACXYSJ_15380
RPE_RS10130,ACXYSJ_15375
RPE_RS10135,ACXYSJ_15370
RPE_RS10140,ACXYSJ_15365
RPE_RS10145,ACXYSJ_15360
RPE_RS10190,ACXYSJ_07630
RPE_RS10200,ACXYSJ_07640
RPE_RS10205,ACXYSJ_07645
RPE_RS10250,ACXYSJ_07670
RPE_RS10265,ACXYSJ_07680
RPE_RS10280,ACXYSJ_05960
RPE_RS10310,ACXYSJ_07700
RPE_RS10345,ACXYSJ_12020
RPE_RS10380,ACXYSJ_07755
RPE_RS10385,ACXYSJ_07760
RPE_RS10390,ACXYSJ_07765
RPE_RS10395,ACXYSJ_07770
RPE_RS10400,ACXYSJ_07775
RPE_RS10410,ACXYSJ_04355
RPE_RS10450,ACXYSJ_05405
RPE_RS10455,ACXYSJ_07450
RPE_RS10500,ACXYSJ_07885
RPE_RS10530,ACXYSJ_07905
RPE_RS10550,ACXYSJ_07925
RPE_RS10555,ACXYSJ_07930
RPE_RS10560,ACXYSJ_07935
RPE_RS10565,ACXYSJ_07940
RPE_RS10570,ACXYSJ_07945
RPE_RS10580,ACXYSJ_07955
RPE_RS10590,ACXYSJ_07960
RPE_RS10600,ACXYSJ_13110
RPE_RS10605,ACXYSJ_07975
RPE_RS10610,ACXYSJ_07980
RPE_RS10625,ACXYSJ_07995
RPE_RS10675,ACXYSJ_08045
RPE_RS10700,ACXYSJ_08070
RPE_RS10735,ACXYSJ_08095
RPE_RS10750,ACXYSJ_08115
RPE_RS10775,None
RPE_RS10905,None
RPE_RS10920,ACXYSJ_08155
RPE_RS10960,ACXYSJ_15330
RPE_RS10970,ACXYSJ_15320
RPE_RS10975,ACXYSJ_01135
RPE_RS10980,ACXYSJ_15315
RPE_RS11005,ACXYSJ_15305
RPE_RS11015,ACXYSJ_15300
RPE_RS11030,ACXYSJ_02895
RPE_RS11035,ACXYSJ_15295
RPE_RS11040,ACXYSJ_15290
RPE_RS11060,ACXYSJ_21110
RPE_RS11070,ACXYSJ_15260
RPE_RS11075,ACXYSJ_15255
RPE_RS11080,ACXYSJ_15250
RPE_RS11090,ACXYSJ_15240
RPE_RS11125,ACXYSJ_14440
RPE_RS11130,ACXYSJ_14435
RPE_RS11135,ACXYSJ_14430
RPE_RS11145,ACXYSJ_14420
RPE_RS11150,ACXYSJ_14415
RPE_RS11155,ACXYSJ_14410
RPE_RS11160,ACXYSJ_14405
RPE_RS11165,ACXYSJ_14400
RPE_RS11180,ACXYSJ_14385
RPE_RS11190,ACXYSJ_14370
RPE_RS11195,None
RPE_RS11200,ACXYSJ_23520
RPE_RS11210,ACXYSJ_23535
RPE_RS11220,ACXYSJ_23545
RPE_RS11230,ACXYSJ_23555
RPE_RS11235,ACXYSJ_23560
RPE_RS11240,ACXYSJ_20390
RPE_RS11280,ACXYSJ_15150
RPE_RS11285,ACXYSJ_15145
RPE_RS11305,ACXYSJ_15125
RPE_RS11315,ACXYSJ_15115
RPE_RS11320,ACXYSJ_15110
RPE_RS11340,ACXYSJ_15065
RPE_RS11345,ACXYSJ_15060
RPE_RS11390,ACXYSJ_15030
RPE_RS11480,ACXYSJ_14985
RPE_RS11500,ACXYSJ_14970
RPE_RS11535,ACXYSJ_14940
RPE_RS11540,ACXYSJ_14930
RPE_RS11555,ACXYSJ_14915
RPE_RS11570,ACXYSJ_08440
RPE_RS11630,ACXYSJ_08510
RPE_RS11640,ACXYSJ_13795
RPE_RS11715,ACXYSJ_08615
RPE_RS11730,ACXYSJ_08635
RPE_RS11785,ACXYSJ_08705
RPE_RS11790,ACXYSJ_08710
RPE_RS11835,ACXYSJ_08615
RPE_RS11840,ACXYSJ_08750
RPE_RS11910,ACXYSJ_08340
RPE_RS11915,ACXYSJ_08345
RPE_RS11930,ACXYSJ_21540
RPE_RS11935,ACXYSJ_13155
RPE_RS11945,ACXYSJ_09640
RPE_RS11955,ACXYSJ_08415
RPE_RS11970,ACXYSJ_08420
RPE_RS11975,ACXYSJ_08425
RPE_RS11980,ACXYSJ_08430
RPE_RS11985,ACXYSJ_08435
RPE_RS11995,ACXYSJ_14895
RPE_RS12005,ACXYSJ_14880
RPE_RS12030,ACXYSJ_07575
RPE_RS12125,ACXYSJ_00425
RPE_RS12295,ACXYSJ_10360
RPE_RS12335,ACXYSJ_10085
RPE_RS12540,ACXYSJ_10985
RPE_RS12560,ACXYSJ_11040
RPE_RS12570,ACXYSJ_11050
RPE_RS12615,ACXYSJ_14450
RPE_RS12620,ACXYSJ_12970
RPE_RS12625,ACXYSJ_11105
RPE_RS12655,ACXYSJ_11135
RPE_RS12665,ACXYSJ_11140
RPE_RS12675,ACXYSJ_11150
RPE_RS12680,ACXYSJ_11160
RPE_RS12690,ACXYSJ_11165
RPE_RS12695,ACXYSJ_11170
RPE_RS12700,ACXYSJ_11175
RPE_RS12705,ACXYSJ_11180
RPE_RS12710,ACXYSJ_11185
RPE_RS127202,None
RPE_RS12730,ACXYSJ_11205
RPE_RS12740,ACXYSJ_11215
RPE_RS12760,ACXYSJ_11235
RPE_RS12770,ACXYSJ_11245
RPE_RS12815,ACXYSJ_11285
RPE_RS12825,ACXYSJ_11295
RPE_RS12830,ACXYSJ_11300
RPE_RS12835,ACXYSJ_11305
RPE_RS12850,ACXYSJ_11320
RPE_RS12855,ACXYSJ_11325
RPE_RS12860,ACXYSJ_11330
RPE_RS12870,ACXYSJ_11340
RPE_RS12875,ACXYSJ_11345
RPE_RS12880,ACXYSJ_11350
RPE_RS12885,ACXYSJ_11355
RPE_RS12900,ACXYSJ_11370
RPE_RS12915,ACXYSJ_16505
RPE_RS12950,ACXYSJ_15410
RPE_RS12960,ACXYSJ_11410
RPE_RS12980,ACXYSJ_11320
RPE_RS12985,ACXYSJ_11415
RPE_RS12990,ACXYSJ_11420
RPE_RS12995,ACXYSJ_11425
RPE_RS13005,ACXYSJ_11435
RPE_RS13015,ACXYSJ_11445
RPE_RS13045,ACXYSJ_11465
RPE_RS13050,ACXYSJ_21990
RPE_RS13070,ACXYSJ_11480
RPE_RS13075,ACXYSJ_11485
RPE_RS13100,ACXYSJ_11505
RPE_RS13110,ACXYSJ_11510
RPE_RS13120,ACXYSJ_11520
RPE_RS13130,ACXYSJ_11530
RPE_RS13180,ACXYSJ_11580
RPE_RS13185,ACXYSJ_11585
RPE_RS13200,ACXYSJ_13790
RPE_RS13400,None
RPE_RS13430,ACXYSJ_22035
RPE_RS13455,ACXYSJ_21480
RPE_RS13460,ACXYSJ_21475
RPE_RS13465,ACXYSJ_21470
RPE_RS13470,ACXYSJ_21465
RPE_RS13475,ACXYSJ_03990
RPE_RS13500,ACXYSJ_11590
RPE_RS13510,ACXYSJ_11600
RPE_RS13545,ACXYSJ_11630
RPE_RS13560,ACXYSJ_11645
RPE_RS13665,ACXYSJ_13050
RPE_RS13680,ACXYSJ_13035
RPE_RS13690,ACXYSJ_13025
RPE_RS13695,ACXYSJ_13020
RPE_RS13700,ACXYSJ_13015
RPE_RS13705,ACXYSJ_13010
RPE_RS13710,ACXYSJ_13005
RPE_RS13715,ACXYSJ_13000
RPE_RS13725,ACXYSJ_12990
RPE_RS13745,ACXYSJ_12970
RPE_RS13800,ACXYSJ_12695
RPE_RS13810,ACXYSJ_12685
RPE_RS13820,ACXYSJ_12660
RPE_RS13830,ACXYSJ_12650
RPE_RS13835,ACXYSJ_12645
RPE_RS13865,ACXYSJ_12615
RPE_RS13890,ACXYSJ_12590
RPE_RS13910,ACXYSJ_12570
RPE_RS13915,ACXYSJ_12565
RPE_RS13990,ACXYSJ_12490
RPE_RS13995,ACXYSJ_12485
RPE_RS14010,ACXYSJ_12470
RPE_RS14025,ACXYSJ_12455
RPE_RS14030,ACXYSJ_12450
RPE_RS14050,ACXYSJ_12430
RPE_RS14065,ACXYSJ_12415
RPE_RS14105,ACXYSJ_16505
RPE_RS14110,ACXYSJ_12215
RPE_RS14120,ACXYSJ_12205
RPE_RS14130,ACXYSJ_12195
RPE_RS14140,ACXYSJ_12185
RPE_RS14145,ACXYSJ_12180
RPE_RS14190,ACXYSJ_12145
RPE_RS14195,ACXYSJ_12140
RPE_RS14255,ACXYSJ_18800
RPE_RS14260,ACXYSJ_18800
RPE_RS14265,ACXYSJ_18810
RPE_RS14270,ACXYSJ_22565
RPE_RS14280,ACXYSJ_12095
RPE_RS14285,ACXYSJ_12090
RPE_RS14330,ACXYSJ_06785
RPE_RS14335,ACXYSJ_12050
RPE_RS14340,ACXYSJ_12045
RPE_RS14345,ACXYSJ_12040
RPE_RS14350,ACXYSJ_12035
RPE_RS14365,ACXYSJ_12020
RPE_RS14390,ACXYSJ_11995
RPE_RS14395,ACXYSJ_11990
RPE_RS14405,ACXYSJ_11980
RPE_RS14425,ACXYSJ_01880
RPE_RS14430,ACXYSJ_22610
RPE_RS14450,ACXYSJ_11955
RPE_RS14490,ACXYSJ_11805
RPE_RS14495,ACXYSJ_11800
RPE_RS14520,ACXYSJ_11775
RPE_RS14615,ACXYSJ_13150
RPE_RS14620,ACXYSJ_13155
RPE_RS14640,ACXYSJ_07800
RPE_RS14670,ACXYSJ_13195
RPE_RS14715,ACXYSJ_13325
RPE_RS14735,ACXYSJ_13345
RPE_RS14755,ACXYSJ_13375
RPE_RS14760,ACXYSJ_13380
RPE_RS14765,ACXYSJ_13385
RPE_RS14775,ACXYSJ_13395
RPE_RS14780,ACXYSJ_08615
RPE_RS14795,ACXYSJ_13415
RPE_RS14870,ACXYSJ_13545
RPE_RS14880,ACXYSJ_13550
RPE_RS14885,ACXYSJ_13555
RPE_RS14890,ACXYSJ_13560
RPE_RS14895,ACXYSJ_13565
RPE_RS14900,ACXYSJ_13570
RPE_RS14910,ACXYSJ_13575
RPE_RS14915,ACXYSJ_13580
RPE_RS14925,ACXYSJ_13590
RPE_RS14930,ACXYSJ_13595
RPE_RS14955,ACXYSJ_13635
RPE_RS14960,ACXYSJ_13640
RPE_RS14970,ACXYSJ_13660
RPE_RS15000,ACXYSJ_13700
RPE_RS15030,ACXYSJ_13730
RPE_RS15115,ACXYSJ_12265
RPE_RS15145,ACXYSJ_12280
RPE_RS15190,ACXYSJ_12325
RPE_RS15195,ACXYSJ_12330
RPE_RS15200,ACXYSJ_12335
RPE_RS15225,ACXYSJ_12365
RPE_RS15230,ACXYSJ_12370
RPE_RS15240,ACXYSJ_06405
RPE_RS15250,ACXYSJ_12385
RPE_RS15255,ACXYSJ_12390
RPE_RS15275,ACXYSJ_04285
RPE_RS15295,ACXYSJ_14320
RPE_RS15300,ACXYSJ_14325
RPE_RS15335,ACXYSJ_14350
RPE_RS15340,ACXYSJ_14355
RPE_RS15350,ACXYSJ_14365
RPE_RS15380,ACXYSJ_06150
RPE_RS15490,None
RPE_RS15510,None
RPE_RS15525,ACXYSJ_18945
RPE_RS15535,ACXYSJ_18935
RPE_RS15545,ACXYSJ_18925
RPE_RS15565,None
RPE_RS15570,ACXYSJ_18545
RPE_RS15575,ACXYSJ_05900
RPE_RS15580,ACXYSJ_05905
RPE_RS15585,ACXYSJ_05910
RPE_RS15590,ACXYSJ_05915
RPE_RS15595,ACXYSJ_05920
RPE_RS15600,ACXYSJ_05925
RPE_RS15605,ACXYSJ_05930
RPE_RS15610,ACXYSJ_05935
RPE_RS15620,ACXYSJ_05945
RPE_RS15625,ACXYSJ_05950
RPE_RS15630,ACXYSJ_05955
RPE_RS15635,ACXYSJ_05960
RPE_RS15670,ACXYSJ_10965
RPE_RS15685,ACXYSJ_10945
RPE_RS15690,ACXYSJ_10940
RPE_RS15695,ACXYSJ_10935
RPE_RS15775,ACXYSJ_05185
RPE_RS15780,ACXYSJ_14225
RPE_RS15785,ACXYSJ_05175
RPE_RS15805,ACXYSJ_14250
RPE_RS15825,ACXYSJ_14270
RPE_RS15830,ACXYSJ_14275
RPE_RS15855,ACXYSJ_00480
RPE_RS15865,ACXYSJ_21105
RPE_RS15870,ACXYSJ_24130
RPE_RS15875,None
RPE_RS15895,None
RPE_RS15920,ACXYSJ_18535
RPE_RS15925,None
RPE_RS15935,None
RPE_RS15940,ACXYSJ_05155
RPE_RS15945,None
RPE_RS15950,ACXYSJ_20950
RPE_RS15955,ACXYSJ_24115
RPE_RS15960,ACXYSJ_08490
RPE_RS15965,None
RPE_RS15975,ACXYSJ_21355
RPE_RS15980,ACXYSJ_06390
RPE_RS15985,ACXYSJ_21370
RPE_RS15995,ACXYSJ_02300
RPE_RS16000,None
RPE_RS16005,ACXYSJ_15295
RPE_RS16010,ACXYSJ_02310
RPE_RS16015,ACXYSJ_21205
RPE_RS16045,ACXYSJ_24075
RPE_RS16050,ACXYSJ_24090
RPE_RS16055,ACXYSJ_19140
RPE_RS16060,ACXYSJ_02300
RPE_RS16070,ACXYSJ_16360
RPE_RS16075,ACXYSJ_16355
RPE_RS16100,ACXYSJ_18240
RPE_RS16105,ACXYSJ_18235
RPE_RS16110,ACXYSJ_18245
RPE_RS16120,ACXYSJ_14175
RPE_RS16125,ACXYSJ_06020
RPE_RS16130,ACXYSJ_01340
RPE_RS16150,ACXYSJ_16180
RPE_RS16155,ACXYSJ_16180
RPE_RS16160,ACXYSJ_08440
RPE_RS16170,ACXYSJ_22405
RPE_RS16175,ACXYSJ_03040
RPE_RS16310,None
RPE_RS16355,ACXYSJ_14800
RPE_RS16375,ACXYSJ_14820
RPE_RS16385,ACXYSJ_14825
RPE_RS16415,ACXYSJ_14855
RPE_RS16425,ACXYSJ_10825
RPE_RS16430,ACXYSJ_10820
RPE_RS16450,ACXYSJ_10800
RPE_RS16455,None
RPE_RS16470,ACXYSJ_10500
RPE_RS16475,ACXYSJ_10495
RPE_RS16485,ACXYSJ_10475
RPE_RS16495,ACXYSJ_10470
RPE_RS16510,ACXYSJ_10455
RPE_RS16515,ACXYSJ_10450
RPE_RS16520,ACXYSJ_10445
RPE_RS16525,ACXYSJ_10440
RPE_RS16535,ACXYSJ_10430
RPE_RS16545,ACXYSJ_10420
RPE_RS16560,ACXYSJ_10410
RPE_RS16575,ACXYSJ_10395
RPE_RS16585,ACXYSJ_10385
RPE_RS16590,ACXYSJ_10365
RPE_RS16595,ACXYSJ_10360
RPE_RS16660,ACXYSJ_24115
RPE_RS16685,ACXYSJ_12170
RPE_RS16690,None
RPE_RS16715,ACXYSJ_10320
RPE_RS16745,ACXYSJ_10295
RPE_RS16785,ACXYSJ_10240
RPE_RS16815,ACXYSJ_10215
RPE_RS16825,ACXYSJ_10205
RPE_RS16845,ACXYSJ_10195
RPE_RS16850,ACXYSJ_10190
RPE_RS16895,ACXYSJ_10155
RPE_RS16900,ACXYSJ_10140
RPE_RS16905,ACXYSJ_10135
RPE_RS16910,ACXYSJ_10130
RPE_RS16945,ACXYSJ_10095
RPE_RS16960,ACXYSJ_10085
RPE_RS17000,ACXYSJ_10055
RPE_RS17010,ACXYSJ_10045
RPE_RS17040,ACXYSJ_03975
RPE_RS17045,ACXYSJ_03980
RPE_RS17050,ACXYSJ_03985
RPE_RS17075,ACXYSJ_09985
RPE_RS17105,ACXYSJ_09960
RPE_RS17140,ACXYSJ_09900
RPE_RS17150,ACXYSJ_09890
RPE_RS17180,None
RPE_RS17185,ACXYSJ_23695
RPE_RS17190,None
RPE_RS17200,None
RPE_RS17225,ACXYSJ_09835
RPE_RS17230,ACXYSJ_09795
RPE_RS17240,ACXYSJ_09785
RPE_RS17270,ACXYSJ_07630
RPE_RS17300,ACXYSJ_17675
RPE_RS17460,ACXYSJ_13455
RPE_RS17465,ACXYSJ_13460
RPE_RS17470,ACXYSJ_13465
RPE_RS17505,ACXYSJ_23955
RPE_RS17545,ACXYSJ_23955
RPE_RS17550,ACXYSJ_12095
RPE_RS17570,ACXYSJ_17780
RPE_RS17585,ACXYSJ_18375
RPE_RS17670,ACXYSJ_09690
RPE_RS17715,None
RPE_RS17740,ACXYSJ_09640
RPE_RS17780,None
RPE_RS17785,ACXYSJ_09160
RPE_RS17835,ACXYSJ_14970
RPE_RS17860,ACXYSJ_09115
RPE_RS18005,ACXYSJ_08970
RPE_RS18055,ACXYSJ_08940
RPE_RS18105,ACXYSJ_08900
RPE_RS18115,ACXYSJ_08890
RPE_RS18145,ACXYSJ_06470
RPE_RS18150,ACXYSJ_01135
RPE_RS18230,ACXYSJ_04655
RPE_RS18260,ACXYSJ_03045
RPE_RS18270,ACXYSJ_01120
RPE_RS18300,ACXYSJ_07830
RPE_RS18305,ACXYSJ_07825
RPE_RS18365,None
RPE_RS18375,None
RPE_RS18415,ACXYSJ_21445
RPE_RS18445,ACXYSJ_08330
RPE_RS18450,ACXYSJ_08325
RPE_RS18455,None
RPE_RS18460,ACXYSJ_08315
RPE_RS18465,ACXYSJ_08310
RPE_RS18470,ACXYSJ_08305
RPE_RS18475,ACXYSJ_08300
RPE_RS18485,ACXYSJ_21490
RPE_RS18500,ACXYSJ_19175
RPE_RS18535,ACXYSJ_07575
RPE_RS18560,ACXYSJ_07555
RPE_RS18565,ACXYSJ_07550
RPE_RS18570,ACXYSJ_07545
RPE_RS18575,ACXYSJ_07540
RPE_RS18580,ACXYSJ_07535
RPE_RS18585,ACXYSJ_07530
RPE_RS18595,ACXYSJ_07520
RPE_RS18600,ACXYSJ_07515
RPE_RS18605,ACXYSJ_07510
RPE_RS18610,ACXYSJ_07505
RPE_RS18620,ACXYSJ_16325
RPE_RS18625,ACXYSJ_07490
RPE_RS18655,ACXYSJ_07455
RPE_RS18675,ACXYSJ_07420
RPE_RS18680,ACXYSJ_12335
RPE_RS18685,ACXYSJ_07405
RPE_RS18690,ACXYSJ_07400
RPE_RS18695,ACXYSJ_07395
RPE_RS18700,ACXYSJ_07390
RPE_RS18795,ACXYSJ_07275
RPE_RS18805,ACXYSJ_07265
RPE_RS18810,ACXYSJ_07260
RPE_RS18825,ACXYSJ_07250
RPE_RS18830,ACXYSJ_07245
RPE_RS18835,ACXYSJ_07240
RPE_RS18840,ACXYSJ_07235
RPE_RS18850,ACXYSJ_07225
RPE_RS18865,ACXYSJ_07210
RPE_RS18870,ACXYSJ_07205
RPE_RS18875,ACXYSJ_07190
RPE_RS18885,ACXYSJ_07155
RPE_RS18895,ACXYSJ_07150
RPE_RS18900,ACXYSJ_07145
RPE_RS18905,ACXYSJ_07140
RPE_RS18915,ACXYSJ_07130
RPE_RS18960,ACXYSJ_16335
RPE_RS18985,ACXYSJ_16355
RPE_RS19000,ACXYSJ_12020
RPE_RS19015,ACXYSJ_16375
RPE_RS19020,ACXYSJ_16380
RPE_RS19030,ACXYSJ_23670
RPE_RS19045,ACXYSJ_16390
RPE_RS19060,ACXYSJ_05895
RPE_RS19100,ACXYSJ_06885
RPE_RS19125,ACXYSJ_06850
RPE_RS19135,ACXYSJ_06835
RPE_RS19155,ACXYSJ_19915
RPE_RS19200,ACXYSJ_06780
RPE_RS19225,ACXYSJ_23525
RPE_RS19235,ACXYSJ_08895
RPE_RS19240,ACXYSJ_14375
RPE_RS19250,ACXYSJ_09280
RPE_RS19255,ACXYSJ_09275
RPE_RS19265,ACXYSJ_09265
RPE_RS19275,ACXYSJ_09255
RPE_RS19285,ACXYSJ_18885
RPE_RS19295,ACXYSJ_18875
RPE_RS19300,ACXYSJ_23610
RPE_RS19305,ACXYSJ_21990
RPE_RS19310,ACXYSJ_00480
RPE_RS19315,ACXYSJ_21100
RPE_RS19335,ACXYSJ_23750
RPE_RS19340,ACXYSJ_22705
RPE_RS19350,ACXYSJ_23360
RPE_RS19355,ACXYSJ_23355
RPE_RS19365,ACXYSJ_23345
RPE_RS19375,ACXYSJ_23335
RPE_RS19390,ACXYSJ_11410
RPE_RS19395,ACXYSJ_21430
RPE_RS19410,ACXYSJ_21360
RPE_RS19415,None
RPE_RS19420,ACXYSJ_21365
RPE_RS19425,ACXYSJ_21370
RPE_RS19440,ACXYSJ_14480
RPE_RS19450,ACXYSJ_18875
RPE_RS19455,ACXYSJ_18880
RPE_RS19460,ACXYSJ_20990
RPE_RS19525,ACXYSJ_18285
RPE_RS19575,ACXYSJ_19140
RPE_RS19585,ACXYSJ_19150
RPE_RS19595,ACXYSJ_19155
RPE_RS19615,ACXYSJ_19175
RPE_RS19660,ACXYSJ_19205
RPE_RS19675,ACXYSJ_19220
RPE_RS19680,ACXYSJ_19225
RPE_RS19685,ACXYSJ_19230
RPE_RS19705,ACXYSJ_19255
RPE_RS19715,ACXYSJ_19265
RPE_RS19720,ACXYSJ_19270
RPE_RS19750,ACXYSJ_19295
RPE_RS19785,ACXYSJ_19355
RPE_RS19790,ACXYSJ_19360
RPE_RS19800,ACXYSJ_19370
RPE_RS19820,ACXYSJ_19390
RPE_RS19855,ACXYSJ_05880
RPE_RS19860,ACXYSJ_14060
RPE_RS19905,ACXYSJ_13675
RPE_RS19930,ACXYSJ_20815
RPE_RS20355,ACXYSJ_19470
RPE_RS20360,ACXYSJ_19475
RPE_RS20375,ACXYSJ_19490
RPE_RS20380,ACXYSJ_19495
RPE_RS20395,ACXYSJ_19505
RPE_RS20400,ACXYSJ_19510
RPE_RS20405,ACXYSJ_19515
RPE_RS20410,ACXYSJ_19520
RPE_RS20415,ACXYSJ_19525
RPE_RS20430,ACXYSJ_19540
RPE_RS20435,ACXYSJ_19545
RPE_RS20440,ACXYSJ_19550
RPE_RS20465,None
RPE_RS20470,ACXYSJ_19580
RPE_RS20475,ACXYSJ_19585
RPE_RS20480,ACXYSJ_19590
RPE_RS20540,ACXYSJ_19660
RPE_RS20620,ACXYSJ_16480
RPE_RS20625,ACXYSJ_16485
RPE_RS20635,ACXYSJ_05045
RPE_RS20640,ACXYSJ_05040
RPE_RS20695,ACXYSJ_05595
RPE_RS20710,None
RPE_RS20715,None
RPE_RS20720,ACXYSJ_22960
RPE_RS20735,ACXYSJ_19450
RPE_RS20745,ACXYSJ_05590
RPE_RS20795,ACXYSJ_05535
RPE_RS20800,ACXYSJ_05530
RPE_RS20830,ACXYSJ_05490
RPE_RS20835,ACXYSJ_05480
RPE_RS20840,ACXYSJ_05465
RPE_RS20865,ACXYSJ_05435
RPE_RS20880,ACXYSJ_05420
RPE_RS20895,ACXYSJ_05405
RPE_RS20910,ACXYSJ_05395
RPE_RS20920,ACXYSJ_14915
RPE_RS20975,ACXYSJ_05240
RPE_RS21000,ACXYSJ_17845
RPE_RS21005,ACXYSJ_17850
RPE_RS21015,ACXYSJ_17860
RPE_RS21040,ACXYSJ_17880
RPE_RS21045,ACXYSJ_17885
RPE_RS21060,ACXYSJ_17895
RPE_RS21070,ACXYSJ_07935
RPE_RS21080,ACXYSJ_17910
RPE_RS21085,None
RPE_RS21115,ACXYSJ_17970
RPE_RS21120,ACXYSJ_17975
RPE_RS21145,ACXYSJ_17995
RPE_RS21155,ACXYSJ_02680
RPE_RS21175,ACXYSJ_15070
RPE_RS21185,ACXYSJ_07530
RPE_RS21225,ACXYSJ_00470
RPE_RS21245,ACXYSJ_05435
RPE_RS21250,ACXYSJ_22445
RPE_RS21255,ACXYSJ_08335
RPE_RS21265,ACXYSJ_17960
RPE_RS21270,ACXYSJ_04995
RPE_RS21280,ACXYSJ_24455
RPE_RS21290,ACXYSJ_17575
RPE_RS21300,ACXYSJ_06735
RPE_RS21330,ACXYSJ_23970
RPE_RS21340,ACXYSJ_17780
RPE_RS21345,ACXYSJ_17735
RPE_RS21355,ACXYSJ_11495
RPE_RS21375,ACXYSJ_19330
RPE_RS21380,None
RPE_RS21415,ACXYSJ_06660
RPE_RS21520,ACXYSJ_06585
RPE_RS21525,ACXYSJ_06590
RPE_RS21570,ACXYSJ_06530
RPE_RS21615,ACXYSJ_04765
RPE_RS21630,ACXYSJ_04750
RPE_RS21710,ACXYSJ_04675
RPE_RS21715,ACXYSJ_04670
RPE_RS21720,ACXYSJ_04665
RPE_RS21725,ACXYSJ_04660
RPE_RS21745,ACXYSJ_20320
RPE_RS21780,ACXYSJ_20355
RPE_RS21785,ACXYSJ_20360
RPE_RS21815,ACXYSJ_06040
RPE_RS21860,ACXYSJ_11390
RPE_RS21900,ACXYSJ_20470
RPE_RS21920,ACXYSJ_20485
RPE_RS21940,ACXYSJ_20505
RPE_RS21955,ACXYSJ_20525
RPE_RS21975,ACXYSJ_22915
RPE_RS21985,ACXYSJ_20560
RPE_RS21990,ACXYSJ_20565
RPE_RS21995,ACXYSJ_20570
RPE_RS22000,ACXYSJ_20575
RPE_RS22015,ACXYSJ_20585
RPE_RS22030,ACXYSJ_20610
RPE_RS22040,ACXYSJ_20620
RPE_RS22065,ACXYSJ_20650
RPE_RS22075,ACXYSJ_20655
RPE_RS22120,ACXYSJ_20710
RPE_RS22200,None
RPE_RS22205,ACXYSJ_04110
RPE_RS22245,ACXYSJ_04070
RPE_RS22255,ACXYSJ_04060
RPE_RS22310,ACXYSJ_07040
RPE_RS22325,ACXYSJ_04005
RPE_RS22390,ACXYSJ_03770
RPE_RS22410,ACXYSJ_03760
RPE_RS22420,ACXYSJ_16710
RPE_RS22440,ACXYSJ_19390
RPE_RS22510,ACXYSJ_14320
RPE_RS22515,ACXYSJ_20320
RPE_RS22540,ACXYSJ_18770
RPE_RS22575,ACXYSJ_21305
RPE_RS22580,ACXYSJ_21310
RPE_RS22585,ACXYSJ_21315
RPE_RS22590,ACXYSJ_21320
RPE_RS22640,ACXYSJ_21370
RPE_RS22685,ACXYSJ_21425
RPE_RS22695,ACXYSJ_21435
RPE_RS22720,ACXYSJ_05110
RPE_RS22730,ACXYSJ_21650
RPE_RS22735,ACXYSJ_21645
RPE_RS22740,ACXYSJ_21640
RPE_RS22900,ACXYSJ_04950
RPE_RS22910,ACXYSJ_05275
RPE_RS22925,ACXYSJ_20100
RPE_RS22930,ACXYSJ_20105
RPE_RS22935,ACXYSJ_20110
RPE_RS22950,ACXYSJ_20135
RPE_RS22955,ACXYSJ_20140
RPE_RS22965,ACXYSJ_05770
RPE_RS22990,ACXYSJ_05745
RPE_RS23040,ACXYSJ_04650
RPE_RS23070,None
RPE_RS23075,ACXYSJ_16610
RPE_RS23105,ACXYSJ_23415
RPE_RS23110,ACXYSJ_23410
RPE_RS23115,ACXYSJ_23405
RPE_RS23160,None
RPE_RS23165,ACXYSJ_15290
RPE_RS23170,ACXYSJ_18880
RPE_RS23175,ACXYSJ_15275
RPE_RS23215,ACXYSJ_23620
RPE_RS23220,ACXYSJ_23615
RPE_RS23225,ACXYSJ_23610
RPE_RS23230,ACXYSJ_23605
RPE_RS23235,ACXYSJ_23600
RPE_RS23245,ACXYSJ_04180
RPE_RS23265,ACXYSJ_05120
RPE_RS23285,ACXYSJ_11855
RPE_RS23290,ACXYSJ_11860
RPE_RS23320,ACXYSJ_00470
RPE_RS23385,ACXYSJ_15630
RPE_RS23395,None
RPE_RS23435,ACXYSJ_04510
RPE_RS23450,ACXYSJ_04495
RPE_RS23455,ACXYSJ_04490
RPE_RS23460,ACXYSJ_04485
RPE_RS23475,ACXYSJ_04470
RPE_RS23515,ACXYSJ_04440
RPE_RS23565,ACXYSJ_04385
RPE_RS23575,ACXYSJ_03280
RPE_RS23590,ACXYSJ_03295
RPE_RS23605,ACXYSJ_03310
RPE_RS23620,ACXYSJ_03320
RPE_RS23625,ACXYSJ_03325
RPE_RS23690,ACXYSJ_03235
RPE_RS23695,ACXYSJ_03230
RPE_RS23735,ACXYSJ_22710
RPE_RS23740,ACXYSJ_22705
RPE_RS23745,ACXYSJ_22700
RPE_RS23760,ACXYSJ_22685
RPE_RS23775,ACXYSJ_22670
RPE_RS23825,ACXYSJ_04330
RPE_RS23860,ACXYSJ_04275
RPE_RS23865,ACXYSJ_22650
RPE_RS23870,ACXYSJ_22645
RPE_RS23875,ACXYSJ_22640
RPE_RS23880,ACXYSJ_22635
RPE_RS23905,ACXYSJ_22610
RPE_RS23915,ACXYSJ_22600
RPE_RS23920,ACXYSJ_22595
RPE_RS23985,ACXYSJ_22525
RPE_RS23995,ACXYSJ_22515
RPE_RS24020,ACXYSJ_22490
RPE_RS24060,ACXYSJ_02430
RPE_RS24065,ACXYSJ_02425
RPE_RS24095,ACXYSJ_22005
RPE_RS24110,ACXYSJ_22025
RPE_RS24125,ACXYSJ_22055
RPE_RS24140,ACXYSJ_22070
RPE_RS24165,ACXYSJ_04290
RPE_RS24175,None
RPE_RS24180,ACXYSJ_22095
RPE_RS24190,ACXYSJ_22105
RPE_RS24215,ACXYSJ_22125
RPE_RS24230,ACXYSJ_22140
RPE_RS24310,ACXYSJ_22200
RPE_RS24375,ACXYSJ_22280
RPE_RS24405,ACXYSJ_22315
RPE_RS24410,ACXYSJ_22320
RPE_RS24430,ACXYSJ_22340
RPE_RS24435,ACXYSJ_22345
RPE_RS24440,ACXYSJ_22350
RPE_RS24445,ACXYSJ_22355
RPE_RS24465,ACXYSJ_22375
RPE_RS24520,ACXYSJ_02825
RPE_RS24525,ACXYSJ_02820
RPE_RS24545,ACXYSJ_02810
RPE_RS24630,ACXYSJ_22960
RPE_RS24645,ACXYSJ_24465
RPE_RS24690,ACXYSJ_22960
RPE_RS24735,ACXYSJ_06470
RPE_RS24765,ACXYSJ_18900
RPE_RS24795,None
RPE_RS24810,ACXYSJ_08615
RPE_RS24890,ACXYSJ_16955
RPE_RS24995,ACXYSJ_06300
RPE_RS25100,None
RPE_RS25145,ACXYSJ_13615
RPE_RS25155,None
RPE_RS25295,ACXYSJ_21185
